inst_id,status,confirmed_candle_count,hit_count,highest_multiple,highest_multiple_time_cn,first_hit_time_cn_10x,event_index,event_time_cn,event_multiple,previous_amplitude_percent,previous_change_percent,previous_volume,hit_amplitude_percent,hit_change_percent,hit_volume,volume_multiple,threshold_price,hit_close_vs_threshold_percent,hit_close_above_threshold,next_candle_change_percent,next_candle_time_cn,next_candle_high_vs_threshold_multiple,next_candle_high_vs_threshold_percent
0G-USDT-SWAP,ok,1314,0,5.758271,2026-04-02 16:00:00,,,,,,,,,,,,,,
1INCH-USDT-SWAP,ok,11708,0,6.473503,2025-11-06 00:00:00,,,,,,,,,,,,,,
2Z-USDT-SWAP,ok,1253,0,5.275846,2025-11-22 00:00:00,,,,,,,,,,,,,,
A-USDT-SWAP,ok,2010,0,3.141343,2025-08-12 00:00:00,,,,,,,,,,,,,,
AAPL-USDT-SWAP,ok,336,0,1.586966,2026-04-17 20:00:00,,,,,,,,,,,,,,
AAVE-USDT-SWAP,ok,11797,0,8.782896,2022-08-10 20:00:00,,,,,,,,,,,,,,
ACH-USDT-SWAP,ok,4782,0,7.983423,2025-02-16 16:00:00,,,,,,,,,,,,,,
ACT-USDT-SWAP,ok,3186,0,5.858094,2025-12-17 20:00:00,,,,,,,,,,,,,,
ACU-USDT-SWAP,ok,577,0,4.011334,2026-02-25 16:00:00,,,,,,,,,,,,,,
ADA-USDT-SWAP,ok,13446,0,5.519940,2021-09-11 16:00:00,,,,,,,,,,,,,,
AERO-USDT-SWAP,ok,1801,0,4.128251,2025-10-01 16:00:00,,,,,,,,,,,,,,
AEVO-USDT-SWAP,ok,4662,0,6.683641,2026-01-14 00:00:00,,,,,,,,,,,,,,
AGLD-USDT-SWAP,ok,10170,1,10.187620,2026-02-22 16:00:00,2026-02-22 16:00:00,1,2026-02-22 16:00:00,10.187620,5.113402,2.474227,6960913.000000,52.093398,42.471820,131910818.000000,18.950218,0.371417,-4.716239,false,8.644068,2026-02-22 20:00:00,1.057572,5.757167
AIXBT-USDT-SWAP,ok,2887,0,5.579215,2026-02-27 16:00:00,,,,,,,,,,,,,,
ALGO-USDT-SWAP,ok,13064,0,6.185112,2021-11-10 20:00:00,,,,,,,,,,,,,,
ALLO-USDT-SWAP,ok,1012,0,5.748239,2025-11-21 08:00:00,,,,,,,,,,,,,,
AMD-USDT-SWAP,ok,294,0,2.217862,2026-04-08 04:00:00,,,,,,,,,,,,,,
AMZN-USDT-SWAP,ok,373,0,3.039012,2026-04-08 04:00:00,,,,,,,,,,,,,,
ANIME-USDT-SWAP,ok,2765,0,5.612971,2026-03-21 08:00:00,,,,,,,,,,,,,,
APE-USDT-SWAP,ok,9023,0,9.220252,2023-04-12 16:00:00,,,,,,,,,,,,,,
API3-USDT-SWAP,ok,9108,1,12.360017,2024-01-28 00:00:00,2024-01-28 00:00:00,1,2024-01-28 00:00:00,12.360017,1.747379,1.198203,1336816.000000,21.597633,19.477318,24348592.000000,18.213869,2.377368,1.919414,true,21.130830,2024-01-28 04:00:00,1.304383,30.438343
APR-USDT-SWAP,ok,1123,0,6.340448,2025-12-14 00:00:00,,,,,,,,,,,,,,
APT-USDT-SWAP,ok,7730,0,8.632568,2024-02-28 16:00:00,,,,,,,,,,,,,,
AR-USDT-SWAP,ok,7021,0,4.138483,2024-03-03 00:00:00,,,,,,,,,,,,,,
ARB-USDT-SWAP,ok,6797,0,4.741774,2024-05-21 00:00:00,,,,,,,,,,,,,,
ARKM-USDT-SWAP,ok,3144,0,5.086412,2026-04-16 12:00:00,,,,,,,,,,,,,,
ARM-USDT-SWAP,ok,1,0,,,,,,,,,,,,,,,,
ASTER-USDT-SWAP,ok,1315,0,3.347688,2025-10-31 16:00:00,,,,,,,,,,,,,,
AT-USDT-SWAP,ok,1086,0,5.750302,2025-11-03 04:00:00,,,,,,,,,,,,,,
ATH-USDT-SWAP,ok,4112,0,7.708587,2026-02-27 16:00:00,,,,,,,,,,,,,,
ATOM-USDT-SWAP,ok,13105,0,5.688302,2021-05-07 20:00:00,,,,,,,,,,,,,,
AUCTION-USDT-SWAP,ok,5281,0,5.782528,2023-12-03 08:00:00,,,,,,,,,,,,,,
AVAX-USDT-SWAP,ok,12265,0,5.273849,2021-02-10 08:00:00,,,,,,,,,,,,,,
AVGO-USDT-SWAP,ok,1,0,,,,,,,,,,,,,,,,
AVNT-USDT-SWAP,ok,1313,0,5.891854,2026-01-25 08:00:00,,,,,,,,,,,,,,
AXS-USDT-SWAP,ok,10417,0,7.135671,2021-08-08 08:00:00,,,,,,,,,,,,,,
AZTEC-USDT-SWAP,ok,462,0,9.622065,2026-02-20 12:00:00,,,,,,,,,,,,,,
BABY-USDT-SWAP,ok,2304,0,5.609860,2025-07-10 08:00:00,,,,,,,,,,,,,,
BAND-USDT-SWAP,ok,12361,0,6.768377,2023-07-20 16:00:00,,,,,,,,,,,,,,
BARD-USDT-SWAP,ok,1337,1,11.454566,2026-02-28 12:00:00,2026-02-28 12:00:00,1,2026-02-28 12:00:00,11.454566,2.236980,1.363160,1154183.000000,25.623635,15.553512,37503371.000000,32.493436,1.063295,-5.463667,false,-0.925189,2026-02-28 16:00:00,0.968499,-3.150104
BASED-USDT-SWAP,ok,180,0,2.648167,2026-04-16 12:00:00,,,,,,,,,,,,,,
BAT-USDT-SWAP,ok,12421,1,10.772790,2020-12-18 16:00:00,2020-12-18 16:00:00,1,2020-12-18 16:00:00,10.772790,1.138852,1.095050,5905.000000,12.268618,7.791649,76797.000000,13.005419,0.258756,-3.229125,false,-2.108194,2020-12-18 20:00:00,1.000558,0.055828
BCH-USDT-SWAP,ok,13886,1,15.608365,2024-03-02 08:00:00,2024-03-02 08:00:00,1,2024-03-02 08:00:00,15.608365,1.989092,1.507860,287623.000000,31.046475,27.600379,7797437.000000,27.109922,378.614982,6.599057,true,-2.576809,2024-03-02 12:00:00,1.103232,10.323157
BEAT-USDT-SWAP,ok,1006,1,17.903119,2025-11-20 20:00:00,2025-11-20 20:00:00,1,2025-11-20 20:00:00,17.903119,10.354142,9.467787,4036432.000000,185.371426,29.630036,27116740.000000,6.717997,1.106944,-35.933547,false,31.397989,2025-11-21 00:00:00,0.858173,-14.182680
BERA-USDT-SWAP,ok,2681,1,13.294010,2026-04-04 16:00:00,2026-04-04 16:00:00,1,2026-04-04 16:00:00,13.294010,2.020202,1.207194,14047875.000000,26.856586,20.720721,515453785.000000,36.692652,0.489170,1.355420,true,-14.888037,2026-04-04 20:00:00,1.016416,1.641619
BICO-USDT-SWAP,ok,9614,1,10.265857,2023-11-15 12:00:00,2023-11-15 12:00:00,1,2023-11-15 12:00:00,10.265857,2.498078,1.306687,1098135.000000,25.644917,17.374810,39263133.000000,35.754377,0.329249,-6.028667,false,-3.878474,2023-11-15 16:00:00,0.947306,-5.269364
BIGTIME-USDT-SWAP,ok,5579,0,7.999417,2023-12-01 08:00:00,,,,,,,,,,,,,,
BIO-USDT-SWAP,ok,2886,1,10.200301,2025-10-20 12:00:00,2025-10-20 12:00:00,1,2025-10-20 12:00:00,10.200301,4.621447,1.050872,34733514.000000,47.140156,25.265895,401709058.000000,11.565460,0.123187,-13.951741,false,0.622407,2025-10-20 16:00:00,0.918119,-8.188131
BLUR-USDT-SWAP,ok,7016,0,8.876429,2023-06-27 12:00:00,,,,,,,,,,,,,,
BMNR-USDT-SWAP,ok,11,0,0.331737,2026-04-28 00:00:00,,,,,,,,,,,,,,
BNB-USDT-SWAP,ok,7339,0,3.759167,2024-01-11 04:00:00,,,,,,,,,,,,,,
BOME-USDT-SWAP,ok,3732,0,5.850134,2026-04-19 20:00:00,,,,,,,,,,,,,,
BONK-USDT-SWAP,ok,5053,0,8.722106,2024-02-28 16:00:00,,,,,,,,,,,,,,
BRETT-USDT-SWAP,ok,3600,0,7.548861,2025-12-02 20:00:00,,,,,,,,,,,,,,
BREV-USDT-SWAP,ok,719,0,6.911839,2026-02-01 08:00:00,,,,,,,,,,,,,,
BSB-USDT-SWAP,ok,162,0,4.587816,2026-04-21 00:00:00,,,,,,,,,,,,,,
BTC-USDT-SWAP,ok,13957,0,6.900225,2020-04-23 20:00:00,,,,,,,,,,,,,,
BZ-USDT-SWAP,ok,216,0,2.384348,2026-04-13 04:00:00,,,,,,,,,,,,,,
CC-USDT-SWAP,ok,1079,0,4.807952,2025-12-24 04:00:00,,,,,,,,,,,,,,
CELO-USDT-SWAP,ok,10068,1,22.702977,2022-03-17 08:00:00,2022-03-17 08:00:00,1,2022-03-17 08:00:00,22.702977,2.276680,1.335968,178052.000000,51.687410,23.167258,4438559.000000,24.928442,3.118036,1.246432,true,-1.827742,2022-03-17 12:00:00,1.081193,8.119348
CFX-USDT-SWAP,ok,11244,2,19.924838,2021-09-19 00:00:00,2021-09-19 00:00:00,1,2021-09-19 00:00:00,19.924838,10.633501,4.416934,661329.000000,211.870793,141.930056,8191068.000000,12.385769,0.563177,17.430139,true,-5.741670,2021-09-19 04:00:00,1.268446,26.844580
CFX-USDT-SWAP,ok,11244,2,19.924838,2021-09-19 00:00:00,2021-09-19 00:00:00,2,2022-03-24 16:00:00,11.780495,1.739338,1.103963,249948.000000,20.490258,7.243872,8480588.000000,33.929409,0.149368,-8.615141,false,-2.036630,2022-03-24 20:00:00,0.939356,-6.064399
CHIP-USDT-SWAP,ok,47,0,2.173375,2026-04-22 12:00:00,,,,,,,,,,,,,,
CHZ-USDT-SWAP,ok,11244,0,9.580220,2021-10-31 04:00:00,,,,,,,,,,,,,,
CL-USDT-SWAP,ok,335,0,8.548050,2026-03-09 04:00:00,,,,,,,,,,,,,,
COAI-USDT-SWAP,ok,1175,0,7.386030,2025-11-03 20:00:00,,,,,,,,,,,,,,
COIN-USDT-SWAP,ok,373,0,3.437353,2026-04-14 20:00:00,,,,,,,,,,,,,,
COMP-USDT-SWAP,ok,12768,0,8.171386,2026-04-10 16:00:00,,,,,,,,,,,,,,
CORE-USDT-SWAP,ok,7055,0,9.997769,2023-11-05 04:00:00,,,,,,,,,,,,,,
COST-USDT-SWAP,ok,11,0,,,,,,,,,,,,,,,,
CRCL-USDT-SWAP,ok,372,0,6.934347,2026-03-02 20:00:00,,,,,,,,,,,,,,
CRO-USDT-SWAP,ok,11082,0,8.895442,2025-03-03 08:00:00,,,,,,,,,,,,,,
CRV-USDT-SWAP,ok,12379,0,6.856129,2023-02-13 16:00:00,,,,,,,,,,,,,,
CRWV-USDT-SWAP,ok,113,0,1.972963,2026-04-12 16:00:00,,,,,,,,,,,,,,
CVX-USDT-SWAP,ok,4038,0,6.702278,2024-07-23 12:00:00,,,,,,,,,,,,,,
DASH-USDT-SWAP,ok,1046,0,6.434882,2026-01-13 16:00:00,,,,,,,,,,,,,,
DOGE-USDT-SWAP,ok,12716,1,11.940848,2021-01-28 12:00:00,2021-01-28 12:00:00,1,2021-01-28 12:00:00,11.940848,7.726477,5.693902,44287.000000,92.260692,38.251018,3363573.000000,75.949443,0.013926,-22.008747,false,17.341468,2021-01-28 16:00:00,0.953833,-4.616719
DOOD-USDT-SWAP,ok,2111,0,5.264761,2025-07-15 08:00:00,,,,,,,,,,,,,,
DOT-USDT-SWAP,ok,12439,0,7.154083,2022-08-10 20:00:00,,,,,,,,,,,,,,
DYDX-USDT-SWAP,ok,10162,1,18.696619,2024-10-20 20:00:00,2024-10-20 20:00:00,1,2024-10-20 20:00:00,18.696619,1.710162,1.344405,4429711.000000,31.974249,20.288724,98986332.000000,22.346002,1.197526,2.978990,true,4.167680,2024-10-21 00:00:00,1.101521,10.152113
EDEN-USDT-SWAP,ok,1266,1,10.386499,2025-12-16 12:00:00,2025-12-16 12:00:00,1,2025-12-16 12:00:00,10.386499,4.515103,1.001590,2015866.000000,46.896118,23.448059,228368637.000000,113.285624,0.091350,-14.011667,false,-9.447415,2025-12-16 16:00:00,0.871378,-12.862237
EDGE-USDT-SWAP,ok,167,0,1.975264,2026-04-02 08:00:00,,,,,,,,,,,,,,
EGLD-USDT-SWAP,ok,11725,2,11.181157,2023-11-05 08:00:00,2023-11-05 08:00:00,1,2023-11-05 08:00:00,11.181157,2.758216,1.995305,86073.000000,30.840046,28.365938,12464015.000000,144.807489,44.337559,0.637025,true,10.670253,2023-11-05 12:00:00,1.193119,19.311937
EGLD-USDT-SWAP,ok,11725,2,11.181157,2023-11-05 08:00:00,2023-11-05 08:00:00,2,2025-04-25 08:00:00,10.041384,2.245789,1.310044,157992.000000,22.550832,12.569316,9097498.000000,57.582017,19.864916,-8.028807,false,-0.218818,2025-04-25 12:00:00,0.926256,-7.374387
EIGEN-USDT-SWAP,ok,3451,0,4.761533,2025-08-09 12:00:00,,,,,,,,,,,,,,
ENA-USDT-SWAP,ok,1345,0,2.898225,2025-12-18 20:00:00,,,,,,,,,,,,,,
ENJ-USDT-SWAP,ok,4734,0,6.772030,2026-03-18 12:00:00,,,,,,,,,,,,,,
ENS-USDT-SWAP,ok,9780,0,6.698780,2024-03-05 12:00:00,,,,,,,,,,,,,,
ENSO-USDT-SWAP,ok,1092,0,9.178401,2026-01-24 08:00:00,,,,,,,,,,,,,,
ESP-USDT-SWAP,ok,466,0,4.732665,2026-02-12 12:00:00,,,,,,,,,,,,,,
ETC-USDT-SWAP,ok,13868,0,9.306443,2023-01-04 08:00:00,,,,,,,,,,,,,,
ETH-USDT-SWAP,ok,13904,0,4.966948,2022-08-10 20:00:00,,,,,,,,,,,,,,
ETHFI-USDT-SWAP,ok,4631,0,5.944001,2025-02-04 04:00:00,,,,,,,,,,,,,,
ETHW-USDT-SWAP,ok,7927,0,7.942052,2026-04-18 00:00:00,,,,,,,,,,,,,,
EWJ-USDT-SWAP,ok,294,0,4.237279,2026-04-08 04:00:00,,,,,,,,,,,,,,
EWY-USDT-SWAP,ok,294,0,4.605386,2026-04-17 20:00:00,,,,,,,,,,,,,,
F-USDT-SWAP,ok,1116,1,14.798491,2026-02-08 08:00:00,2026-02-08 08:00:00,1,2026-02-08 08:00:00,14.798491,3.237992,1.924807,353248.000000,47.917402,13.978115,22540549.000000,63.809417,0.007501,-13.900755,false,4.319554,2026-02-08 12:00:00,0.945518,-5.448151
FARTCOIN-USDT-SWAP,ok,2970,0,3.995059,2025-04-22 08:00:00,,,,,,,,,,,,,,
FIL-USDT-SWAP,ok,12648,0,7.647951,2026-01-01 20:00:00,,,,,,,,,,,,,,
FLOKI-USDT-SWAP,ok,6985,0,9.999649,2025-10-20 16:00:00,,,,,,,,,,,,,,
FLOW-USDT-SWAP,ok,5424,0,7.992158,2026-02-06 20:00:00,,,,,,,,,,,,,,
FOGO-USDT-SWAP,ok,653,0,2.605835,2026-01-28 08:00:00,,,,,,,,,,,,,,
GALA-USDT-SWAP,ok,10068,0,6.595834,2023-01-08 20:00:00,,,,,,,,,,,,,,
GAS-USDT-SWAP,ok,5508,0,8.333042,2023-11-23 16:00:00,,,,,,,,,,,,,,
GIGGLE-USDT-SWAP,ok,1117,0,5.315048,2026-02-26 04:00:00,,,,,,,,,,,,,,
GLM-USDT-SWAP,ok,4314,1,12.851385,2024-09-21 08:00:00,2024-09-21 08:00:00,1,2024-09-21 08:00:00,12.851385,1.487229,1.325574,31554.000000,19.112955,8.902361,3605425.000000,114.262059,0.360010,-5.197016,false,1.583113,2024-09-21 12:00:00,0.970807,-2.919300
GMT-USDT-SWAP,ok,8934,0,5.955090,2022-09-27 08:00:00,,,,,,,,,,,,,,
GMX-USDT-SWAP,ok,7093,1,22.779934,2024-08-24 16:00:00,2024-08-24 16:00:00,1,2024-08-24 16:00:00,22.779934,1.563082,1.488649,137566.000000,35.606894,20.755409,6819363.000000,49.571573,31.452523,4.697482,true,-3.007290,2024-08-24 20:00:00,1.057785,5.778477
GOOGL-USDT-SWAP,ok,337,0,2.647625,2026-04-08 04:00:00,,,,,,,,,,,,,,
GPS-USDT-SWAP,ok,2525,0,7.619933,2025-11-22 00:00:00,,,,,,,,,,,,,,
GRASS-USDT-SWAP,ok,3287,0,6.007384,2026-03-01 00:00:00,,,,,,,,,,,,,,
GRT-USDT-SWAP,ok,11736,0,5.687271,2023-02-05 00:00:00,,,,,,,,,,,,,,
H-USDT-SWAP,ok,1801,0,8.090735,2025-11-05 20:00:00,,,,,,,,,,,,,,
HBAR-USDT-SWAP,ok,5923,0,5.601847,2024-11-18 08:00:00,,,,,,,,,,,,,,
HIMS-USDT-SWAP,ok,11,0,,,,,,,,,,,,,,,,
HMSTR-USDT-SWAP,ok,3479,0,9.034336,2025-11-05 04:00:00,,,,,,,,,,,,,,
HOME-USDT-SWAP,ok,1920,0,6.219271,2025-10-07 00:00:00,,,,,,,,,,,,,,
HOOD-USDT-SWAP,ok,379,0,3.068883,2026-04-17 20:00:00,,,,,,,,,,,,,,
HUMA-USDT-SWAP,ok,2027,0,4.572471,2025-06-07 20:00:00,,,,,,,,,,,,,,
HYPE-USDT-SWAP,ok,2593,0,3.821998,2026-03-02 20:00:00,,,,,,,,,,,,,,
ICP-USDT-SWAP,ok,10866,0,5.811703,2024-03-05 12:00:00,,,,,,,,,,,,,,
ICX-USDT-SWAP,ok,4776,0,4.057882,2026-03-24 16:00:00,,,,,,,,,,,,,,
IMX-USDT-SWAP,ok,9739,1,10.141617,2023-09-21 08:00:00,2023-09-21 08:00:00,1,2023-09-21 08:00:00,10.141617,2.776235,2.332038,899225.000000,28.155515,26.075949,107564758.000000,119.619403,0.706526,-1.319954,false,-4.029829,2023-09-21 12:00:00,0.996283,-0.371652
INIT-USDT-SWAP,ok,2220,0,8.959007,2026-02-16 00:00:00,,,,,,,,,,,,,,
INJ-USDT-SWAP,ok,5286,0,4.903026,2024-11-06 08:00:00,,,,,,,,,,,,,,
INTC-USDT-SWAP,ok,373,0,2.214998,2026-04-10 20:00:00,,,,,,,,,,,,,,
IOST-USDT-SWAP,ok,13064,1,11.647123,2022-03-31 08:00:00,2022-03-31 08:00:00,1,2022-03-31 08:00:00,11.647123,4.229403,2.735464,89962.000000,49.260380,44.891199,2292780.000000,25.486094,0.049572,2.353116,true,-3.604775,2022-03-31 12:00:00,1.062989,6.298930
IOTA-USDT-SWAP,ok,13033,0,6.450387,2020-08-21 08:00:00,,,,,,,,,,,,,,
IP-USDT-SWAP,ok,2640,1,13.544023,2025-08-30 20:00:00,2025-08-30 20:00:00,1,2025-08-30 20:00:00,13.544023,2.594927,2.350584,588075.000000,35.145758,33.237859,13454776.000000,22.879354,7.885456,6.185359,true,-3.430419,2025-08-31 00:00:00,1.086037,8.603736
IWM-USDT-SWAP,ok,113,0,0.825271,2026-04-14 00:00:00,,,,,,,,,,,,,,
JELLYJELLY-USDT-SWAP,ok,2393,2,15.258085,2026-03-10 08:00:00,2025-09-09 20:00:00,1,2025-09-09 20:00:00,10.045882,4.143713,1.221557,1102406.000000,41.627247,35.950804,16820573.000000,15.258056,0.059760,-3.814644,false,-19.693807,2025-09-10 00:00:00,1.014063,1.406273
JELLYJELLY-USDT-SWAP,ok,2393,2,15.258085,2026-03-10 08:00:00,2025-09-09 20:00:00,2,2026-03-10 08:00:00,15.258085,2.757326,1.357009,188713.000000,42.071520,12.081493,5104557.000000,27.049313,0.086554,-9.108422,false,-22.917462,2026-03-10 12:00:00,1.042706,4.270559
JTO-USDT-SWAP,ok,5053,0,6.906347,2026-02-17 16:00:00,,,,,,,,,,,,,,
JUP-USDT-SWAP,ok,4912,0,5.706005,2025-01-18 16:00:00,,,,,,,,,,,,,,
KAITO-USDT-SWAP,ok,2597,1,11.084380,2025-09-09 08:00:00,2025-09-09 08:00:00,1,2025-09-09 08:00:00,11.084380,3.696370,2.244224,2261567.000000,40.971966,31.104758,122028333.000000,53.957426,1.484434,-4.226143,false,-2.067801,2025-09-09 12:00:00,0.969595,-3.040507
KAT-USDT-SWAP,ok,348,0,3.447039,2026-03-06 00:00:00,,,,,,,,,,,,,,
KGEN-USDT-SWAP,ok,1159,0,4.275498,2025-11-07 12:00:00,,,,,,,,,,,,,,
KITE-USDT-SWAP,ok,122,0,2.004402,2026-04-27 04:00:00,,,,,,,,,,,,,,
KMNO-USDT-SWAP,ok,2006,0,5.881413,2026-02-17 04:00:00,,,,,,,,,,,,,,
KSM-USDT-SWAP,ok,12355,0,7.452699,2020-11-24 12:00:00,,,,,,,,,,,,,,
LA-USDT-SWAP,ok,1920,2,16.045720,2026-02-07 08:00:00,2025-09-18 16:00:00,1,2025-09-18 16:00:00,15.488497,3.582803,2.415074,198732.000000,55.492228,20.569948,13964743.000000,70.269222,0.516496,-9.892847,false,-11.796304,2025-09-18 20:00:00,0.914237,-8.576284
LA-USDT-SWAP,ok,1920,2,16.045720,2026-02-07 08:00:00,2025-09-18 16:00:00,2,2026-02-07 08:00:00,16.045720,4.082715,2.439024,59552.000000,65.510098,49.352667,5720903.000000,96.065674,0.268737,7.316731,true,-7.222222,2026-02-07 12:00:00,1.188522,18.852163
LAB-USDT-SWAP,ok,1073,0,4.738530,2026-02-14 12:00:00,,,,,,,,,,,,,,
LAYER-USDT-SWAP,ok,2651,0,6.276853,2025-12-04 00:00:00,,,,,,,,,,,,,,
LDO-USDT-SWAP,ok,7093,0,4.751896,2023-02-03 20:00:00,,,,,,,,,,,,,,
LIGHT-USDT-SWAP,ok,804,0,6.396884,2025-12-19 16:00:00,,,,,,,,,,,,,,
LINEA-USDT-SWAP,ok,1439,0,4.997795,2025-11-01 16:00:00,,,,,,,,,,,,,,
LINK-USDT-SWAP,ok,13470,0,8.243235,2020-08-09 00:00:00,,,,,,,,,,,,,,
LIT-USDT-SWAP,ok,758,0,4.550767,2026-01-26 16:00:00,,,,,,,,,,,,,,
LLY-USDT-SWAP,ok,11,0,,,,,,,,,,,,,,,,
LPT-USDT-SWAP,ok,10993,3,19.284184,2026-04-10 20:00:00,2021-09-22 12:00:00,1,2021-09-22 12:00:00,18.586119,2.936306,1.528662,39610.000000,54.574528,25.597291,1504877.000000,37.992350,20.463527,-2.123421,false,-11.251561,2021-09-22 16:00:00,0.982235,-1.776462
LPT-USDT-SWAP,ok,10993,3,19.284184,2026-04-10 20:00:00,2021-09-22 12:00:00,2,2025-04-22 20:00:00,11.484230,2.911453,1.780558,797025.000000,33.435800,26.578387,26466492.000000,33.206602,5.446254,-1.712252,false,-1.420561,2025-04-23 00:00:00,1.091943,9.194327
LPT-USDT-SWAP,ok,10993,3,19.284184,2026-04-10 20:00:00,2021-09-22 12:00:00,3,2026-04-10 20:00:00,19.284184,1.917255,1.715439,679681.000000,36.972705,21.538462,92104627.000000,135.511552,2.399327,2.070291,true,-6.250000,2026-04-11 00:00:00,1.026955,2.695467
LQTY-USDT-SWAP,ok,5028,0,7.625016,2024-08-24 00:00:00,,,,,,,,,,,,,,
LRC-USDT-SWAP,ok,12348,2,16.207052,2021-08-22 20:00:00,2021-08-22 20:00:00,1,2021-08-22 20:00:00,16.207052,2.436447,1.476887,232928.000000,39.487616,33.033437,6736939.000000,28.922839,0.451866,7.332816,true,18.580001,2021-08-23 00:00:00,1.344205,34.420520
LRC-USDT-SWAP,ok,12348,2,16.207052,2021-08-22 20:00:00,2021-08-22 20:00:00,2,2021-10-15 16:00:00,11.938060,2.454668,1.472801,137825.000000,29.303972,17.700036,2282900.000000,16.563758,0.474653,-4.734703,false,-6.154664,2021-10-15 20:00:00,0.957962,-4.203789
LTC-USDT-SWAP,ok,13886,1,12.218714,2021-09-13 20:00:00,2021-09-13 20:00:00,1,2021-09-13 20:00:00,12.218714,2.930318,1.113290,111050.000000,35.804722,2.566442,4069541.000000,36.646024,224.600203,-19.928835,false,0.472616,2021-09-14 00:00:00,0.813267,-18.673270
LUNA-USDT-SWAP,ok,8591,2,22.063579,2024-03-05 20:00:00,2024-03-05 20:00:00,1,2024-03-05 20:00:00,22.063579,3.878625,1.358130,4056892.000000,85.576343,69.487025,264690580.000000,65.244670,1.149744,22.131529,true,-25.984196,2024-03-06 00:00:00,1.285243,28.524256
LUNA-USDT-SWAP,ok,8591,2,22.063579,2024-03-05 20:00:00,2024-03-05 20:00:00,2,2024-05-30 20:00:00,11.829232,3.345281,1.314217,4373329.000000,39.572102,31.367925,66773963.000000,15.268452,0.791676,-1.500092,false,-10.562748,2024-05-31 00:00:00,1.000409,0.040943
MAGIC-USDT-SWAP,ok,7093,0,8.088129,2025-08-15 16:00:00,,,,,,,,,,,,,,
MANA-USDT-SWAP,ok,11244,0,8.001897,2024-11-16 16:00:00,,,,,,,,,,,,,,
MASK-USDT-SWAP,ok,11293,1,15.465991,2021-05-07 20:00:00,2021-05-07 20:00:00,1,2021-05-07 20:00:00,15.465991,1.604278,1.069519,30236.000000,24.811750,21.814657,335269.000000,11.088405,15.520818,5.271512,true,-8.522727,2021-05-08 00:00:00,1.066052,6.605205
ME-USDT-SWAP,ok,3029,0,6.320699,2026-01-18 16:00:00,,,,,,,,,,,,,,
MEME-USDT-SWAP,ok,5448,1,13.394888,2025-04-18 12:00:00,2025-04-18 12:00:00,1,2025-04-18 12:00:00,13.394888,3.862360,3.230337,2894506.000000,51.735875,30.020422,117919625.000000,40.739119,0.002036,-6.206139,false,1.937173,2025-04-18 16:00:00,1.076420,7.641959
MERL-USDT-SWAP,ok,4440,0,7.258460,2025-11-26 12:00:00,,,,,,,,,,,,,,
MET-USDT-SWAP,ok,1206,0,4.026041,2026-04-22 08:00:00,,,,,,,,,,,,,,
META-USDT-SWAP,ok,336,0,2.661074,2026-04-08 04:00:00,,,,,,,,,,,,,,
METIS-USDT-SWAP,ok,5118,0,9.396155,2025-12-25 04:00:00,,,,,,,,,,,,,,
MEW-USDT-SWAP,ok,4464,0,7.236453,2024-09-19 12:00:00,,,,,,,,,,,,,,
MINA-USDT-SWAP,ok,10710,1,11.742003,2021-11-11 00:00:00,2021-11-11 00:00:00,1,2021-11-11 00:00:00,11.742003,3.300562,1.193820,224705.000000,38.755206,9.370662,5583998.000000,24.850350,5.728503,-17.482802,false,8.627617,2021-11-11 04:00:00,0.960111,-3.988875
MMT-USDT-SWAP,ok,1055,2,14.422228,2026-03-12 08:00:00,2025-11-21 20:00:00,1,2025-11-21 20:00:00,11.960627,7.027697,3.968582,4010906.000000,84.055666,74.632207,31613085.000000,7.881782,0.418847,4.859395,true,-23.411524,2025-11-22 00:00:00,1.110192,11.019168
MMT-USDT-SWAP,ok,1055,2,14.422228,2026-03-12 08:00:00,2025-11-21 20:00:00,2,2026-03-12 08:00:00,14.422228,1.837928,1.086048,76758.000000,26.507019,21.800165,14286569.000000,186.124821,0.143157,3.033509,true,-10.101695,2026-03-12 12:00:00,1.030335,3.033509
MON-USDT-SWAP,ok,1206,0,4.923578,2026-04-08 04:00:00,,,,,,,,,,,,,,
MOODENG-USDT-SWAP,ok,3439,0,5.934970,2025-05-11 16:00:00,,,,,,,,,,,,,,
MORPHO-USDT-SWAP,ok,3120,0,4.063570,2025-02-07 20:00:00,,,,,,,,,,,,,,
MOVE-USDT-SWAP,ok,3035,0,8.720633,2026-04-19 00:00:00,,,,,,,,,,,,,,
MSFT-USDT-SWAP,ok,336,0,1.889885,2026-04-14 04:00:00,,,,,,,,,,,,,,
MSTR-USDT-SWAP,ok,378,0,5.124197,2026-04-17 20:00:00,,,,,,,,,,,,,,
MU-USDT-SWAP,ok,337,0,3.562209,2026-04-08 04:00:00,,,,,,,,,,,,,,
MUBARAK-USDT-SWAP,ok,1980,0,6.193771,2025-09-17 00:00:00,,,,,,,,,,,,,,
NEAR-USDT-SWAP,ok,11730,0,5.079106,2023-11-20 00:00:00,,,,,,,,,,,,,,
NEIRO-USDT-SWAP,ok,3439,0,5.403209,2025-05-18 12:00:00,,,,,,,,,,,,,,
NEO-USDT-SWAP,ok,13505,0,8.072104,2026-03-15 16:00:00,,,,,,,,,,,,,,
NFLX-USDT-SWAP,ok,294,0,1.294028,2026-03-27 00:00:00,,,,,,,,,,,,,,
NG-USDT-SWAP,ok,300,0,1.875617,2026-03-23 12:00:00,,,,,,,,,,,,,,
NIGHT-USDT-SWAP,ok,846,0,3.385598,2025-12-20 08:00:00,,,,,,,,,,,,,,
NMR-USDT-SWAP,ok,5035,1,10.331166,2024-01-20 08:00:00,2024-01-20 08:00:00,1,2024-01-20 08:00:00,10.331166,2.477341,1.570997,68676.000000,25.593824,13.420428,2970946.000000,43.260324,20.851843,-8.401382,false,-2.719665,2024-01-20 12:00:00,0.967780,-3.221983
NOT-USDT-SWAP,ok,4277,0,6.229859,2026-01-03 04:00:00,,,,,,,,,,,,,,
NVDA-USDT-SWAP,ok,337,0,1.959424,2026-04-08 04:00:00,,,,,,,,,,,,,,
OFC-USDT-SWAP,ok,120,0,7.281022,2026-04-18 20:00:00,,,,,,,,,,,,,,
OKB-USDT-SWAP,ok,1424,0,3.521218,2025-09-21 08:00:00,,,,,,,,,,,,,,
OL-USDT-SWAP,ok,1092,0,8.641564,2025-11-16 00:00:00,,,,,,,,,,,,,,
ONDO-USDT-SWAP,ok,3786,0,5.257511,2024-10-19 00:00:00,,,,,,,,,,,,,,
ONE-USDT-SWAP,ok,4794,0,4.286350,2025-12-18 20:00:00,,,,,,,,,,,,,,
ONT-USDT-SWAP,ok,13105,1,12.292591,2025-12-27 16:00:00,2025-12-27 16:00:00,1,2025-12-27 16:00:00,12.292591,2.643172,1.725404,568541.000000,32.491431,28.197727,20849332.000000,36.671642,0.069371,2.434585,true,-0.703037,2025-12-27 20:00:00,1.044527,4.452717
OP-USDT-SWAP,ok,8570,0,4.764494,2024-04-28 00:00:00,,,,,,,,,,,,,,
OPG-USDT-SWAP,ok,36,0,1.651201,2026-04-29 04:00:00,,,,,,,,,,,,,,
OPN-USDT-SWAP,ok,389,0,5.539222,2026-04-16 20:00:00,,,,,,,,,,,,,,
ORCL-USDT-SWAP,ok,294,0,2.079129,2026-04-15 20:00:00,,,,,,,,,,,,,,
ORDER-USDT-SWAP,ok,1265,1,16.196539,2025-10-24 12:00:00,2025-10-24 12:00:00,1,2025-10-24 12:00:00,16.196539,4.651163,2.690378,341211.000000,75.332742,37.888199,12758635.000000,37.392215,0.329037,-5.542598,false,4.472329,2025-10-24 16:00:00,0.995632,-0.436792
ORDI-USDT-SWAP,ok,6444,0,7.100780,2024-02-28 16:00:00,,,,,,,,,,,,,,
PARTI-USDT-SWAP,ok,2399,1,18.940315,2025-11-22 00:00:00,2025-11-22 00:00:00,1,2025-11-22 00:00:00,18.940315,4.934150,1.168614,1530601.000000,93.454345,50.806747,48816515.000000,31.893691,0.080851,1.730530,true,1.009610,2025-11-22 04:00:00,1.064553,6.455280
PENDLE-USDT-SWAP,ok,1344,0,2.961692,2026-03-25 16:00:00,,,,,,,,,,,,,,
PENGU-USDT-SWAP,ok,2987,0,6.021152,2025-12-02 20:00:00,,,,,,,,,,,,,,
PEOPLE-USDT-SWAP,ok,9655,0,6.324728,2025-11-08 00:00:00,,,,,,,,,,,,,,
PEPE-USDT-SWAP,ok,6554,0,8.926820,2024-11-13 20:00:00,,,,,,,,,,,,,,
PI-USDT-SWAP,ok,2598,0,6.316077,2025-07-22 08:00:00,,,,,,,,,,,,,,
PIEVERSE-USDT-SWAP,ok,986,0,9.691605,2025-11-21 00:00:00,,,,,,,,,,,,,,
PIPPIN-USDT-SWAP,ok,887,0,4.587496,2026-01-27 20:00:00,,,,,,,,,,,,,,
PLTR-USDT-SWAP,ok,373,0,2.826630,2026-04-08 04:00:00,,,,,,,,,,,,,,
PLUME-USDT-SWAP,ok,2137,0,5.217950,2025-07-02 20:00:00,,,,,,,,,,,,,,
PNUT-USDT-SWAP,ok,3200,0,8.157178,2026-04-17 00:00:00,,,,,,,,,,,,,,
POL-USDT-SWAP,ok,3492,0,5.965330,2025-06-06 20:00:00,,,,,,,,,,,,,,
POPCAT-USDT-SWAP,ok,3648,0,4.393992,2025-12-02 20:00:00,,,,,,,,,,,,,,
PROS-USDT-SWAP,ok,5,0,,,,,,,,,,,,,,,,
PROVE-USDT-SWAP,ok,1164,1,20.576204,2026-03-26 04:00:00,2026-03-26 04:00:00,1,2026-03-26 04:00:00,20.576204,3.225806,2.572479,834918.000000,66.374851,22.124950,50941181.000000,61.013394,0.301765,1.701818,true,-7.847607,2026-03-26 08:00:00,1.056784,5.678429
PUMP-USDT-SWAP,ok,1732,0,5.642354,2026-04-29 04:00:00,,,,,,,,,,,,,,
PYTH-USDT-SWAP,ok,5345,0,5.097594,2025-02-15 00:00:00,,,,,,,,,,,,,,
QQQ-USDT-SWAP,ok,336,0,2.586829,2026-04-08 04:00:00,,,,,,,,,,,,,,
QTUM-USDT-SWAP,ok,13076,2,12.470386,2025-01-31 20:00:00,2025-01-31 20:00:00,1,2025-01-31 20:00:00,12.470386,2.518363,1.539000,60059.000000,31.404959,23.037190,13897844.000000,231.403187,3.619333,-1.280143,false,-7.052897,2025-02-01 00:00:00,0.996040,-0.396002
QTUM-USDT-SWAP,ok,13076,2,12.470386,2025-01-31 20:00:00,2025-01-31 20:00:00,2,2025-12-13 08:00:00,10.511108,1.361032,1.074499,32809.000000,14.305949,5.311615,3395599.000000,103.495961,1.601178,-7.130855,false,3.362475,2025-12-13 12:00:00,0.971785,-2.821526
RAVE-USDT-SWAP,ok,810,0,5.939048,2026-04-09 20:00:00,,,,,,,,,,,,,,
RAY-USDT-SWAP,ok,4668,2,10.912827,2026-04-26 08:00:00,2025-03-19 04:00:00,1,2025-03-19 04:00:00,10.403484,2.417637,1.071026,506448.000000,25.151853,20.658237,11523857.000000,22.754275,1.984262,-1.892978,false,-0.508553,2025-03-19 08:00:00,1.058227,5.822739
RAY-USDT-SWAP,ok,4668,2,10.912827,2026-04-26 08:00:00,2025-03-19 04:00:00,2,2026-04-26 08:00:00,10.912827,2.238257,1.281107,239096.000000,24.425705,20.020355,39916207.000000,166.946360,0.840847,-1.825216,false,-8.109091,2026-04-26 12:00:00,1.041925,4.192523
RECALL-USDT-SWAP,ok,1086,0,5.863140,2025-11-22 08:00:00,,,,,,,,,,,,,,
RENDER-USDT-SWAP,ok,3774,0,4.499709,2024-11-06 08:00:00,,,,,,,,,,,,,,
RESOLV-USDT-SWAP,ok,1937,0,6.908438,2025-07-11 12:00:00,,,,,,,,,,,,,,
RIVER-USDT-SWAP,ok,661,0,3.839854,2026-02-10 12:00:00,,,,,,,,,,,,,,
RLS-USDT-SWAP,ok,887,1,12.129985,2026-02-02 20:00:00,2026-02-02 20:00:00,1,2026-02-02 20:00:00,12.129985,2.397787,1.183523,54726.000000,29.085116,17.660446,2468706.000000,45.110295,0.008157,-4.932725,false,-9.957491,2026-02-03 00:00:00,1.136394,13.639412
ROBO-USDT-SWAP,ok,365,0,2.690789,2026-04-08 04:00:00,,,,,,,,,,,,,,
RSR-USDT-SWAP,ok,12348,0,5.560115,2020-10-21 20:00:00,,,,,,,,,,,,,,
RVN-USDT-SWAP,ok,10993,1,10.301309,2026-03-17 08:00:00,2026-03-17 08:00:00,1,2026-03-17 08:00:00,10.301309,1.970443,1.460239,1274344.000000,20.298145,10.539088,129055156.000000,101.271836,0.006899,-7.562948,false,-1.082013,2026-03-17 12:00:00,0.957710,-4.229010
S-USDT-SWAP,ok,2778,0,5.562223,2026-02-12 04:00:00,,,,,,,,,,,,,,
SAHARA-USDT-SWAP,ok,1841,0,3.770787,2026-01-29 08:00:00,,,,,,,,,,,,,,
SAND-USDT-SWAP,ok,11119,0,5.430888,2024-11-16 16:00:00,,,,,,,,,,,,,,
SAPIEN-USDT-SWAP,ok,1044,0,6.237512,2026-01-03 00:00:00,,,,,,,,,,,,,,
SATS-USDT-SWAP,ok,5178,0,8.266042,2024-02-28 16:00:00,,,,,,,,,,,,,,
SEI-USDT-SWAP,ok,997,0,2.526122,2026-04-01 12:00:00,,,,,,,,,,,,,,
SENT-USDT-SWAP,ok,995,0,3.547127,2025-11-21 12:00:00,,,,,,,,,,,,,,
SHELL-USDT-SWAP,ok,2555,0,5.843028,2026-03-16 04:00:00,,,,,,,,,,,,,,
SHIB-USDT-SWAP,ok,10897,0,8.936821,2021-06-16 00:00:00,,,,,,,,,,,,,,
SIGN-USDT-SWAP,ok,2196,0,6.828452,2026-03-06 08:00:00,,,,,,,,,,,,,,
SKY-USDT-SWAP,ok,1380,0,3.599209,2025-11-12 12:00:00,,,,,,,,,,,,,,
SNDK-USDT-SWAP,ok,337,0,3.371430,2026-04-24 20:00:00,,,,,,,,,,,,,,
SNX-USDT-SWAP,ok,12463,0,8.205708,2022-07-04 16:00:00,,,,,,,,,,,,,,
SOL-USDT-SWAP,ok,11539,0,5.817903,2023-06-29 16:00:00,,,,,,,,,,,,,,
SOON-USDT-SWAP,ok,2046,3,15.483736,2025-11-15 00:00:00,2025-11-15 00:00:00,1,2025-11-15 00:00:00,15.483736,6.383341,2.356587,526742.000000,98.837973,81.529545,2122038.000000,4.028610,3.327066,11.374107,true,-26.079917,2025-11-15 04:00:00,1.693300,69.329977
SOON-USDT-SWAP,ok,2046,3,15.483736,2025-11-15 00:00:00,2025-11-15 00:00:00,2,2025-11-18 20:00:00,14.128879,4.785708,1.180426,965393.000000,67.616699,18.066355,3345017.000000,3.464928,1.840526,-19.896259,false,-4.397595,2025-11-19 00:00:00,0.856147,-14.385334
SOON-USDT-SWAP,ok,2046,3,15.483736,2025-11-15 00:00:00,2025-11-15 00:00:00,3,2026-04-17 12:00:00,10.362209,8.349267,2.103250,1388391.000000,86.516854,63.670412,30482828.700000,21.955507,0.292055,-10.222469,false,-16.863792,2026-04-17 16:00:00,0.899145,-10.085509
SOPH-USDT-SWAP,ok,2015,1,10.059297,2025-12-20 00:00:00,2025-12-20 00:00:00,1,2025-12-20 00:00:00,10.059297,5.500821,3.201970,217415.000000,55.334395,45.700637,16006933.000000,73.623867,0.019449,-5.907910,false,-4.866047,2025-12-20 04:00:00,1.000050,0.004981
SPACE-USDT-SWAP,ok,575,0,4.009451,2026-04-08 04:00:00,,,,,,,,,,,,,,
SPK-USDT-SWAP,ok,1896,0,6.548873,2025-12-22 16:00:00,,,,,,,,,,,,,,
SPX-USDT-SWAP,ok,1717,0,4.318711,2025-08-03 16:00:00,,,,,,,,,,,,,,
SPY-USDT-SWAP,ok,336,0,0.945889,2026-03-04 20:00:00,,,,,,,,,,,,,,
SSV-USDT-SWAP,ok,5330,0,5.840376,2025-06-30 04:00:00,,,,,,,,,,,,,,
STABLE-USDT-SWAP,ok,851,0,3.156506,2025-12-27 00:00:00,,,,,,,,,,,,,,
STRK-USDT-SWAP,ok,4793,0,6.120972,2025-11-14 20:00:00,,,,,,,,,,,,,,
STX-USDT-SWAP,ok,6978,0,5.364923,2024-11-06 08:00:00,,,,,,,,,,,,,,
SUI-USDT-SWAP,ok,6542,0,6.711646,2024-12-05 20:00:00,,,,,,,,,,,,,,
SUSHI-USDT-SWAP,ok,12383,0,6.007983,2021-05-12 08:00:00,,,,,,,,,,,,,,
SYRUP-USDT-SWAP,ok,1801,0,4.112392,2025-12-20 00:00:00,,,,,,,,,,,,,,
TAO-USDT-SWAP,ok,3517,0,4.459063,2024-11-06 08:00:00,,,,,,,,,,,,,,
TEST01-USDT-SWAP,ok,48,0,,,,,,,,,,,,,,,,
THETA-USDT-SWAP,ok,12865,0,6.831656,2024-11-30 16:00:00,,,,,,,,,,,,,,
TIA-USDT-SWAP,ok,5464,0,5.841795,2023-12-11 08:00:00,,,,,,,,,,,,,,
TON-USDT-SWAP,ok,7309,0,5.030264,2024-04-11 08:00:00,,,,,,,,,,,,,,
TRB-USDT-SWAP,ok,12355,1,18.270854,2022-06-08 04:00:00,2022-06-08 04:00:00,1,2022-06-08 04:00:00,18.270854,4.809619,3.106212,147222.000000,87.875849,38.506305,19074585.000000,129.563414,15.268717,-6.475445,false,-12.464986,2022-06-08 08:00:00,0.944415,-5.558538
TRIA-USDT-SWAP,ok,499,0,3.384503,2026-03-10 08:00:00,,,,,,,,,,,,,,
TRUMP-USDT-SWAP,ok,2791,0,5.792865,2026-01-04 00:00:00,,,,,,,,,,,,,,
TRUST-USDT-SWAP,ok,1050,0,6.329907,2025-11-21 20:00:00,,,,,,,,,,,,,,
TRUTH-USDT-SWAP,ok,912,0,4.579642,2026-03-30 16:00:00,,,,,,,,,,,,,,
TRX-USDT-SWAP,ok,13868,1,11.324029,2021-01-29 20:00:00,2021-01-29 20:00:00,1,2021-01-29 20:00:00,11.324029,4.379562,2.189781,318951.000000,49.594288,13.599481,2627960.000000,8.239385,0.044223,-20.856434,false,-6.387226,2021-01-30 00:00:00,0.954471,-4.552859
TSLA-USDT-SWAP,ok,378,0,3.340018,2026-04-17 20:00:00,,,,,,,,,,,,,,
TSM-USDT-SWAP,ok,294,0,3.072614,2026-04-08 04:00:00,,,,,,,,,,,,,,
TURBO-USDT-SWAP,ok,5202,0,8.142566,2026-03-13 00:00:00,,,,,,,,,,,,,,
UB-USDT-SWAP,ok,5,0,1.835366,2026-04-29 08:00:00,,,,,,,,,,,,,,
UMA-USDT-SWAP,ok,12379,5,17.785910,2025-06-06 20:00:00,2024-03-09 08:00:00,1,2024-03-09 08:00:00,10.257994,2.229147,1.701822,2825739.000000,22.866572,16.808109,51984804.000000,18.396888,5.161604,-4.002710,false,3.329970,2024-03-09 12:00:00,1.063235,6.323538
UMA-USDT-SWAP,ok,12379,5,17.785910,2025-06-06 20:00:00,2024-03-09 08:00:00,2,2024-05-09 00:00:00,13.933111,3.397111,2.420929,3595179.000000,47.332317,37.728659,129301838.000000,35.965341,3.493402,3.452171,true,-4.482568,2024-05-09 04:00:00,1.085475,8.547491
UMA-USDT-SWAP,ok,12379,5,17.785910,2025-06-06 20:00:00,2024-03-09 08:00:00,3,2025-06-06 20:00:00,17.785910,1.759259,1.203704,844633.000000,31.290027,22.140897,150179358.000000,177.804275,1.285287,3.867849,true,-10.104790,2025-06-07 00:00:00,1.053461,5.346118
UMA-USDT-SWAP,ok,12379,5,17.785910,2025-06-06 20:00:00,2024-03-09 08:00:00,4,2025-11-09 16:00:00,10.572727,2.353292,1.975971,1486005.000000,24.880709,0.165547,92108929.000000,61.984266,1.249760,-17.696166,false,-0.281991,2025-11-09 20:00:00,0.832160,-16.783990
UMA-USDT-SWAP,ok,12379,5,17.785910,2025-06-06 20:00:00,2024-03-09 08:00:00,5,2026-02-16 20:00:00,15.072804,1.616121,1.197127,355909.000000,24.359480,15.687820,247872016.000000,696.447732,0.588402,-0.238272,false,-6.509884,2026-02-17 00:00:00,1.007474,0.747449
UNI-USDT-SWAP,ok,12301,0,7.207745,2025-11-11 04:00:00,,,,,,,,,,,,,,
UP-USDT-SWAP,ok,126,0,7.912736,2026-04-19 20:00:00,,,,,,,,,,,,,,
USAR-USDT-SWAP,ok,11,0,0.396422,2026-04-28 04:00:00,,,,,,,,,,,,,,
USDC-USDT-SWAP,ok,6865,0,0.211751,2023-03-13 08:00:00,,,,,,,,,,,,,,
USELESS-USDT-SWAP,ok,1668,0,4.356316,2026-03-30 04:00:00,,,,,,,,,,,,,,
VANA-USDT-SWAP,ok,2989,0,8.643445,2025-10-27 08:00:00,,,,,,,,,,,,,,
VIRTUAL-USDT-SWAP,ok,3024,0,7.153800,2026-01-05 08:00:00,,,,,,,,,,,,,,
W-USDT-SWAP,ok,4535,0,6.519756,2024-10-02 12:00:00,,,,,,,,,,,,,,
WAL-USDT-SWAP,ok,2137,1,11.003648,2026-04-16 16:00:00,2026-04-16 16:00:00,1,2026-04-16 16:00:00,11.003648,4.625155,2.001933,103562.000000,50.893582,11.183320,7621623.000000,73.594784,0.107671,-23.730905,false,-1.692027,2026-04-16 20:00:00,0.775136,-22.486378
WCT-USDT-SWAP,ok,2274,1,13.416586,2025-12-30 16:00:00,2025-12-30 16:00:00,1,2025-12-30 16:00:00,13.416586,2.142857,1.008403,163893.000000,28.749827,26.862772,13988649.000000,85.352327,0.087504,4.487164,true,3.455440,2025-12-30 20:00:00,1.148296,14.829599
WET-USDT-SWAP,ok,844,1,12.283825,2026-04-13 16:00:00,2026-04-13 16:00:00,1,2026-04-13 16:00:00,12.283825,4.853818,1.504400,1588442.000000,59.623450,40.423152,46011347.000000,28.966337,0.158097,-4.703840,false,-8.089992,2026-04-13 20:00:00,0.991925,-0.807488
WIF-USDT-SWAP,ok,4464,0,5.868183,2024-11-06 08:00:00,,,,,,,,,,,,,,
WLD-USDT-SWAP,ok,6060,0,7.839258,2023-12-16 16:00:00,,,,,,,,,,,,,,
WLFI-USDT-SWAP,ok,1493,0,5.618816,2025-10-24 00:00:00,,,,,,,,,,,,,,
WOO-USDT-SWAP,ok,7021,0,5.351318,2023-08-29 20:00:00,,,,,,,,,,,,,,
XAG-USDT-SWAP,ok,545,0,2.322594,2026-04-08 04:00:00,,,,,,,,,,,,,,
XAU-USDT-SWAP,ok,2310,0,1.210138,2026-02-06 20:00:00,,,,,,,,,,,,,,
XCU-USDT-SWAP,ok,335,0,1.361610,2026-04-03 00:00:00,,,,,,,,,,,,,,
XLM-USDT-SWAP,ok,13076,0,5.733419,2023-07-14 00:00:00,,,,,,,,,,,,,,
XPD-USDT-SWAP,ok,517,0,2.407852,2026-02-20 16:00:00,,,,,,,,,,,,,,
XPL-USDT-SWAP,ok,1464,0,2.997611,2026-01-04 04:00:00,,,,,,,,,,,,,,
XPT-USDT-SWAP,ok,517,0,1.939637,2026-04-08 04:00:00,,,,,,,,,,,,,,
XRP-USDT-SWAP,ok,13868,0,5.824439,2022-09-30 04:00:00,,,,,,,,,,,,,,
XTZ-USDT-SWAP,ok,13189,1,11.177238,2025-11-06 20:00:00,2025-11-06 20:00:00,1,2025-11-06 20:00:00,11.177238,1.880699,1.234802,848172.000000,21.021021,14.001502,16387963.000000,19.321509,0.627704,-3.234591,false,-1.020744,2025-11-07 00:00:00,1.040937,4.093708
YB-USDT-SWAP,ok,1195,0,5.398690,2025-10-23 08:00:00,,,,,,,,,,,,,,
YFI-USDT-SWAP,ok,12391,0,9.044312,2024-11-10 16:00:00,,,,,,,,,,,,,,
YGG-USDT-SWAP,ok,10362,2,17.291598,2021-12-15 12:00:00,2021-12-15 12:00:00,1,2021-12-15 12:00:00,17.291598,3.253633,1.313226,409691.000000,56.260518,17.447311,6431135.000000,15.697526,6.615684,-11.384818,false,-6.311334,2021-12-15 16:00:00,0.891820,-10.817983
YGG-USDT-SWAP,ok,10362,2,17.291598,2021-12-15 12:00:00,2021-12-15 12:00:00,2,2026-02-21 08:00:00,15.916661,1.864449,1.033006,3751048.000000,29.675810,27.381546,718018284.000000,191.418047,0.047576,7.364060,true,-0.411120,2026-02-21 12:00:00,1.092558,9.255752
ZAMA-USDT-SWAP,ok,659,0,6.705173,2026-01-21 08:00:00,,,,,,,,,,,,,,
ZBT-USDT-SWAP,ok,1164,0,6.030580,2026-01-15 16:00:00,,,,,,,,,,,,,,
ZEC-USDT-SWAP,ok,1046,0,5.594530,2026-03-17 00:00:00,,,,,,,,,,,,,,
ZEN-USDT-SWAP,ok,1063,0,4.855369,2026-04-08 04:00:00,,,,,,,,,,,,,,
ZETA-USDT-SWAP,ok,4910,1,12.500452,2025-03-22 08:00:00,2025-03-22 08:00:00,1,2025-03-22 08:00:00,12.500452,1.624884,1.253482,74260.000000,20.311784,15.176525,5007382.000000,67.430407,0.253039,-0.726655,false,15.001990,2025-03-22 12:00:00,1.180452,18.045176
ZIL-USDT-SWAP,ok,12348,0,6.635705,2021-06-03 12:00:00,,,,,,,,,,,,,,
ZK-USDT-SWAP,ok,4080,0,8.792483,2026-01-06 12:00:00,,,,,,,,,,,,,,
ZKP-USDT-SWAP,ok,671,1,11.410019,2026-02-01 08:00:00,2026-02-01 08:00:00,1,2026-02-01 08:00:00,11.410019,6.829268,3.414634,1684564.000000,77.922078,48.406139,28178797.000000,16.727650,0.141344,-11.067971,false,-4.060510,2026-02-01 12:00:00,0.915498,-8.450242
ZORA-USDT-SWAP,ok,1206,0,5.790574,2026-01-03 00:00:00,,,,,,,,,,,,,,
ZRO-USDT-SWAP,ok,4067,0,8.009145,2025-08-11 00:00:00,,,,,,,,,,,,,,
ZRX-USDT-SWAP,ok,12463,0,9.465588,2022-04-21 04:00:00,,,,,,,,,,,,,,
