inst_id,status,confirmed_candle_count,hit_count,highest_multiple,highest_multiple_time_cn,first_hit_time_cn_10x,event_index,event_time_cn,event_multiple,previous_amplitude_percent,previous_change_percent,previous_volume,hit_amplitude_percent,hit_change_percent,hit_volume,volume_multiple,threshold_price,hit_close_vs_threshold_percent,hit_close_above_threshold,next_candle_change_percent,next_candle_time_cn,next_candle_open,next_candle_high,next_candle_low,next_candle_close,next_candle_close_vs_threshold_multiple,next_candle_close_vs_threshold_percent,next_candle_close_below_threshold,next_candle_low_vs_threshold_multiple,next_candle_low_vs_threshold_percent,next_candle_low_below_threshold,next_candle_high_vs_threshold_multiple,next_candle_high_vs_threshold_percent
AIN_USDT,ok,7170,0,8.844041,2026-02-09 23:00:00,,,,,,,,,,,,,,,,,,,,
AIOT_USDT,ok,8752,1,11.577570,2025-06-04 17:00:00,2025-06-04 17:00:00,1,2025-06-04 17:00:00,11.577570,1.470809,1.005553,2671.000000,17.028393,12.234280,177507.000000,66.457132,0.152768,-1.157481,false,4.493935,2025-06-04 18:00:00,0.150870,0.162520,0.150870,0.157650,1.031955,3.195517,false,0.987574,-1.242577,true,1.063834,6.383352
AIO_USDT,ok,6235,0,7.471938,2025-10-17 08:00:00,,,,,,,,,,,,,,,,,,,,
AI_USDT,ok,9999,0,4.950673,2025-04-23 21:00:00,,,,,,,,,,,,,,,,,,,,
AKESO_USDT,ok,382,0,1.260197,2026-04-24 11:00:00,,,,,,,,,,,,,,,,,,,,
AKE_USDT,ok,5178,0,7.015787,2026-04-10 01:00:00,,,,,,,,,,,,,,,,,,,,
AKT_USDT,ok,9999,0,9.067142,2026-01-27 08:00:00,,,,,,,,,,,,,,,,,,,,
ALB_USDT,ok,47,0,0.628192,2026-04-29 02:00:00,,,,,,,,,,,,,,,,,,,,
ALCH_USDT,ok,9999,0,8.217042,2025-11-10 09:00:00,,,,,,,,,,,,,,,,,,,,
ALICE_USDT,ok,9999,1,17.464995,2025-04-14 23:00:00,2025-04-14 23:00:00,1,2025-04-14 23:00:00,17.464995,1.685824,1.200511,171201.000000,29.442904,25.838165,20806290.000000,121.531358,0.463577,7.684462,true,-5.916450,2025-04-15 00:00:00,0.500300,0.524000,0.469100,0.470700,1.015366,1.536611,false,1.011915,1.191469,false,1.130342,13.034171
ALL_USDT,ok,6090,0,5.956630,2026-01-01 05:00:00,,,,,,,,,,,,,,,,,,,,
ALPINE_USDT,ok,8613,0,8.377933,2025-09-27 00:00:00,,,,,,,,,,,,,,,,,,,,
ALT_USDT,ok,9999,1,53.381715,2025-06-16 17:00:00,2025-06-16 17:00:00,1,2025-06-16 17:00:00,53.381715,1.884615,1.384615,41769.000000,100.604002,70.819177,104976625.000000,2513.266418,0.031482,43.731346,true,-12.323009,2025-06-16 18:00:00,0.045200,0.045220,0.038390,0.039630,1.258801,25.880072,false,1.219414,21.941357,false,1.436361,43.636055
AMZNX_USDT,ok,7168,0,2.508402,2025-11-03 22:00:00,,,,,,,,,,,,,,,,,,,,
ANDURIL_USDT,ok,401,0,0.800268,2026-04-14 11:00:00,,,,,,,,,,,,,,,,,,,,
ANET_USDT,ok,24,0,0.606832,2026-04-30 07:00:00,,,,,,,,,,,,,,,,,,,,
ANKR_USDT,ok,9997,0,8.064711,2026-02-03 14:00:00,,,,,,,,,,,,,,,,,,,,
ANTA_USDT,ok,383,0,0.109459,2026-04-29 10:00:00,,,,,,,,,,,,,,,,,,,,
ANTHROPIC_USDT,ok,401,0,2.071060,2026-04-25 13:00:00,,,,,,,,,,,,,,,,,,,,
APH_USDT,ok,48,0,1.687712,2026-04-29 18:00:00,,,,,,,,,,,,,,,,,,,,
ARC_USDT,ok,9999,0,5.404276,2026-01-13 23:00:00,,,,,,,,,,,,,,,,,,,,
ARIA_USDT,ok,6040,0,7.608091,2026-03-16 11:00:00,,,,,,,,,,,,,,,,,,,,
ARK_USDT,ok,9999,0,7.289819,2025-07-04 19:00:00,,,,,,,,,,,,,,,,,,,,
ARM_USDT,ok,2178,0,2.536406,2026-02-13 22:00:00,,,,,,,,,,,,,,,,,,,,
ARPA_USDT,ok,9999,0,7.308955,2025-10-16 20:00:00,,,,,,,,,,,,,,,,,,,,
ASML_USDT,ok,2178,0,1.384156,2026-03-04 18:00:00,,,,,,,,,,,,,,,,,,,,
ASR_USDT,ok,8614,0,4.738639,2025-09-07 21:00:00,,,,,,,,,,,,,,,,,,,,
ASTEROID_USDT,ok,264,0,2.084408,2026-04-23 02:00:00,,,,,,,,,,,,,,,,,,,,
ASTR_USDT,ok,9997,0,4.928811,2026-02-01 17:00:00,,,,,,,,,,,,,,,,,,,,
AUS200_USDT,ok,2041,0,1.030860,2026-04-07 08:00:00,,,,,,,,,,,,,,,,,,,,
AVAAI_USDT,ok,9999,0,8.195148,2025-12-16 19:00:00,,,,,,,,,,,,,,,,,,,,
AVA_USDT,ok,9999,0,5.718747,2025-04-10 01:00:00,,,,,,,,,,,,,,,,,,,,
AVGO_USDT,ok,2159,0,1.842804,2026-02-04 04:00:00,,,,,,,,,,,,,,,,,,,,
AWE_USDT,ok,8253,1,12.850258,2025-11-23 16:00:00,2025-11-23 16:00:00,1,2025-11-23 16:00:00,12.850258,1.798035,1.338072,219.000000,23.105209,13.871297,44256.000000,202.082192,0.057491,-3.046335,false,-5.556555,2025-11-23 17:00:00,0.055610,0.060950,0.052010,0.052520,0.913528,-8.647174,true,0.904657,-9.534264,true,1.060159,6.015893
B2_USDT,ok,8612,0,5.763635,2025-10-15 13:00:00,,,,,,,,,,,,,,,,,,,,
B3_USDT,ok,9999,1,11.027813,2025-10-26 14:00:00,2025-10-26 14:00:00,1,2025-10-26 14:00:00,11.027813,1.362862,1.192504,4362.000000,15.029387,3.442485,75481.000000,17.304218,0.002699,-8.694538,false,-3.119935,2025-10-26 15:00:00,0.002468,0.002474,0.002358,0.002391,0.886004,-11.399610,true,0.873775,-12.622451,true,0.916760,-8.323980
BABA_USDT,ok,2253,0,1.366585,2026-04-24 11:00:00,,,,,,,,,,,,,,,,,,,,
BANANAS31_USDT,ok,9741,1,11.278685,2025-07-11 09:00:00,2025-07-11 09:00:00,1,2025-07-11 09:00:00,11.278685,8.934051,5.760431,55751.000000,100.764351,32.416113,252549.000000,4.529946,0.074070,-29.834185,false,-1.013111,2025-07-11 10:00:00,0.052018,0.054114,0.050020,0.051491,0.695164,-30.483568,true,0.675305,-32.469520,true,0.730577,-26.942336
BANANA_USDT,ok,9999,1,16.144399,2025-03-12 02:00:00,2025-03-12 02:00:00,1,2025-03-12 02:00:00,16.144399,3.663614,1.498751,63209.000000,59.146842,49.958983,2767981.000000,43.790932,16.645945,9.816535,true,-2.297593,2025-03-12 03:00:00,18.280000,19.300000,17.360000,17.860000,1.072934,7.293398,false,1.042897,4.289663,false,1.159442,15.944153
BANK_USDT,ok,9036,0,7.235838,2025-09-14 23:00:00,,,,,,,,,,,,,,,,,,,,
BAN_USDT,ok,9999,0,7.557765,2025-04-11 11:00:00,,,,,,,,,,,,,,,,,,,,
BAS_USDT,ok,5921,0,9.449487,2025-10-31 22:00:00,,,,,,,,,,,,,,,,,,,,
BA_USDT,ok,1393,0,1.031690,2026-04-02 12:00:00,,,,,,,,,,,,,,,,,,,,
BB_USDT,ok,9999,1,10.912462,2025-07-11 11:00:00,2025-07-11 11:00:00,1,2025-07-11 11:00:00,10.912462,2.338644,1.215278,33218.000000,25.520362,15.213675,281641.000000,8.478566,0.122708,-6.623712,false,1.753771,2025-07-11 12:00:00,0.114040,0.120200,0.110490,0.116040,0.945661,-5.433894,true,0.900432,-9.956833,true,0.979563,-2.043727
BEAMX_USDT,ok,9995,1,12.211885,2026-01-26 08:00:00,2026-01-26 08:00:00,1,2026-01-26 08:00:00,12.211885,1.476945,1.116715,280926.000000,18.036286,11.704020,1922131.000000,6.842126,0.003226,-2.670948,false,9.815169,2026-01-26 09:00:00,0.003138,0.003500,0.003120,0.003446,1.068140,6.813985,false,0.967091,-3.290878,true,1.084878,8.487797
BEL_USDT,ok,9999,1,14.808205,2026-01-10 16:00:00,2026-01-10 16:00:00,1,2026-01-10 16:00:00,14.808205,1.273885,1.061571,43530.000000,18.863955,12.482468,925378.000000,21.258397,0.160766,-0.227415,false,-5.911637,2026-01-10 17:00:00,0.160700,0.161400,0.150300,0.151200,0.940500,-5.950032,true,0.934901,-6.509853,true,1.003946,0.394609
BE_USDT,ok,144,0,0.849636,2026-04-30 07:00:00,,,,,,,,,,,,,,,,,,,,
BGSC_USDT,ok,9999,1,17.109743,2025-12-29 19:00:00,2025-12-29 19:00:00,1,2025-12-29 19:00:00,17.109743,2.006018,1.705115,15880.000000,34.322453,25.519288,436567.000000,27.491625,0.001211,4.806010,true,-7.018927,2025-12-29 20:00:00,0.001268,0.001339,0.001123,0.001179,0.973730,-2.627040,true,0.927480,-7.252049,true,1.105873,10.587271
BIRB_USDT,ok,2202,0,7.438383,2026-02-06 20:00:00,,,,,,,,,,,,,,,,,,,,
BLEND_USDT,ok,21,0,1.436548,2026-04-30 03:00:00,,,,,,,,,,,,,,,,,,,,
BLESS_USDT,ok,5252,1,11.950517,2025-11-04 19:00:00,2025-11-04 19:00:00,1,2025-11-04 19:00:00,11.950517,1.858205,1.086335,11100.000000,22.206506,19.886846,219993.000000,19.819189,0.041579,1.927057,true,5.424528,2025-11-04 20:00:00,0.042400,0.044810,0.042370,0.044700,1.075068,7.506830,false,1.019030,1.903007,false,1.077714,7.771388
BLUAI_USDT,ok,4578,0,7.463374,2026-03-31 16:00:00,,,,,,,,,,,,,,,,,,,,
BMT_USDT,ok,9953,1,15.439698,2025-03-17 12:00:00,2025-03-17 12:00:00,1,2025-03-17 12:00:00,15.439698,2.303071,1.234980,9264.000000,35.558717,28.893510,625391.000000,67.507664,0.112083,5.073771,true,1.461591,2025-03-17 13:00:00,0.117680,0.131510,0.116680,0.119400,1.065280,6.528048,false,1.041013,4.101279,false,1.173325,17.332526
BNT_USDT,ok,9999,0,4.731733,2025-11-30 21:00:00,,,,,,,,,,,,,,,,,,,,
BOB_USDT,ok,3836,0,6.095105,2025-12-10 01:00:00,,,,,,,,,,,,,,,,,,,,
BP_USDT,ok,1075,0,3.559028,2026-04-16 21:00:00,,,,,,,,,,,,,,,,,,,,
BROCCOLIF3B_USDT,ok,9736,2,251.433742,2025-04-12 10:00:00,2025-04-12 10:00:00,1,2025-04-12 10:00:00,251.433742,5.824714,3.756124,13638.000000,1464.529690,20.336311,371848.000000,27.265581,0.029874,-23.345821,false,0.785683,2025-04-12 11:00:00,0.022910,0.023780,0.021040,0.023090,0.772902,-22.709825,true,0.704281,-29.571881,true,0.795998,-20.400158
BROCCOLIF3B_USDT,ok,9736,2,251.433742,2025-04-12 10:00:00,2025-04-12 10:00:00,2,2025-04-20 12:00:00,17.515575,6.305115,3.769841,12464.000000,110.437710,47.664141,211470.000000,16.966463,0.076122,-7.818912,false,4.962213,2025-04-20 13:00:00,0.070130,0.079630,0.063190,0.073610,0.967002,-3.299845,true,0.830116,-16.988415,true,1.046085,4.608523
BROCCOLI_USDT,ok,9999,2,37.475709,2026-01-01 03:00:00,2025-03-20 00:00:00,1,2025-03-20 00:00:00,13.313241,5.649718,1.946014,472881.000000,75.216049,69.320988,7994763.000000,16.906501,0.050435,8.773486,true,18.583425,2025-03-20 01:00:00,0.054780,0.070350,0.053030,0.064960,1.287992,28.799228,false,1.051451,5.145060,false,1.394862,39.486233
BROCCOLI_USDT,ok,9999,2,37.475709,2026-01-01 03:00:00,2025-03-20 00:00:00,2,2026-01-01 03:00:00,37.475709,5.664488,3.485839,704871.000000,212.280702,180.491228,25049117.000000,35.537165,0.022322,79.061855,true,-49.024512,2026-01-01 04:00:00,0.039980,0.089470,0.018520,0.020380,0.913005,-8.699510,true,0.829679,-17.032135,true,4.008172,300.817217
BR_USDT,ok,9736,0,7.342983,2026-03-20 11:00:00,,,,,,,,,,,,,,,,,,,,
BSV_USDT,ok,9999,0,6.503584,2025-10-26 20:00:00,,,,,,,,,,,,,,,,,,,,
BTGOON_USDT,ok,2325,0,2.713772,2026-04-13 21:00:00,,,,,,,,,,,,,,,,,,,,
BTR_USDT,ok,5899,1,10.877035,2025-09-14 20:00:00,2025-09-14 20:00:00,1,2025-09-14 20:00:00,10.877035,3.181163,2.133590,112759.000000,34.601620,30.307026,1097769.000000,9.735533,0.139708,-0.964577,false,9.771070,2025-09-14 21:00:00,0.138470,0.157790,0.131840,0.152000,1.087987,8.798672,false,0.943685,-5.631468,true,1.129430,12.943042
BULLA_USDT,ok,2111,1,12.337521,2026-04-05 22:00:00,2026-04-05 22:00:00,1,2026-04-05 22:00:00,12.337521,3.234070,2.497598,21417.000000,39.900405,34.220355,4798381.000000,224.045431,0.008468,1.851474,true,-5.356522,2026-04-05 23:00:00,0.008625,0.009379,0.006867,0.008163,0.963958,-3.604223,true,0.810915,-18.908514,true,1.107554,10.755359
BVIX_USDT,ok,2206,0,5.753214,2026-02-05 12:00:00,,,,,,,,,,,,,,,,,,,,
BWXT_USDT,ok,143,0,3.293310,2026-04-25 02:00:00,,,,,,,,,,,,,,,,,,,,
B_USDT,ok,8229,0,8.933923,2026-03-05 03:00:00,,,,,,,,,,,,,,,,,,,,
C98_USDT,ok,9999,0,9.057297,2026-02-01 05:00:00,,,,,,,,,,,,,,,,,,,,
CAKE_USDT,ok,9999,0,5.468437,2025-03-17 17:00:00,,,,,,,,,,,,,,,,,,,,
CARR_USDT,ok,143,0,6.892851,2026-04-27 08:00:00,,,,,,,,,,,,,,,,,,,,
CARV_USDT,ok,9999,0,9.034072,2025-11-04 19:00:00,,,,,,,,,,,,,,,,,,,,
CATI_USDT,ok,9999,0,7.036775,2026-03-12 09:00:00,,,,,,,,,,,,,,,,,,,,
CAT_USDT,ok,9999,0,6.427582,2026-01-14 01:00:00,,,,,,,,,,,,,,,,,,,,
CCJ_USDT,ok,144,0,0.408607,2026-04-30 07:00:00,,,,,,,,,,,,,,,,,,,,
CEG_USDT,ok,143,0,,,,,,,,,,,,,,,,,,,,,,
CELR_USDT,ok,9999,0,3.404783,2026-01-26 09:00:00,,,,,,,,,,,,,,,,,,,,
CETUS_USDT,ok,9999,0,4.552341,2025-04-10 01:00:00,,,,,,,,,,,,,,,,,,,,
CFG_USDT,ok,1073,0,3.671360,2026-04-07 09:00:00,,,,,,,,,,,,,,,,,,,,
CGPT_USDT,ok,9999,0,6.509675,2025-04-10 01:00:00,,,,,,,,,,,,,,,,,,,,
CHEEMS_USDT,ok,9999,0,7.019027,2026-04-18 15:00:00,,,,,,,,,,,,,,,,,,,,
CHILLGUY_USDT,ok,9999,1,14.106806,2026-04-13 20:00:00,2026-04-13 20:00:00,1,2026-04-13 20:00:00,14.106806,1.984962,1.390977,99362.000000,28.001480,5.743893,4143088.000000,41.696906,0.016192,-11.769524,false,4.125517,2026-04-13 21:00:00,0.014277,0.014962,0.013492,0.014866,0.918126,-8.187439,true,0.833267,-16.673276,true,0.924055,-7.594542
CHR_USDT,ok,9999,0,8.332395,2025-08-16 23:00:00,,,,,,,,,,,,,,,,,,,,
CITIC_USDT,ok,383,0,0.702765,2026-04-27 10:00:00,,,,,,,,,,,,,,,,,,,,
CKB_USDT,ok,9999,1,12.260237,2025-03-19 17:00:00,2025-03-19 17:00:00,1,2025-03-19 17:00:00,12.260237,1.681524,1.357374,26543.000000,20.615877,5.058988,1626691.000000,61.285122,0.005842,-10.063967,false,-0.133232,2025-03-19 18:00:00,0.005254,0.005330,0.005182,0.005247,0.898162,-10.183791,true,0.887036,-11.296437,true,0.912370,-8.763027
CLANKER_USDT,ok,4050,0,9.244146,2026-01-30 12:00:00,,,,,,,,,,,,,,,,,,,,
CLO_USDT,ok,4746,0,5.929347,2025-10-14 21:00:00,,,,,,,,,,,,,,,,,,,,
CLS_USDT,ok,24,0,5.409477,2026-04-30 04:00:00,,,,,,,,,,,,,,,,,,,,
CMI_USDT,ok,48,0,,,,,,,,,,,,,,,,,,,,,,
COHR_USDT,ok,1987,0,2.590450,2026-03-31 21:00:00,,,,,,,,,,,,,,,,,,,,
COINX_USDT,ok,7245,0,3.021308,2025-07-10 04:00:00,,,,,,,,,,,,,,,,,,,,
COLLECT_USDT,ok,2874,0,4.688645,2026-04-07 01:00:00,,,,,,,,,,,,,,,,,,,,
COOKIE_USDT,ok,9999,0,4.836084,2025-05-26 09:00:00,,,,,,,,,,,,,,,,,,,,
COS_USDT,ok,9998,0,9.083556,2025-11-09 02:00:00,,,,,,,,,,,,,,,,,,,,
COTI_USDT,ok,9998,0,6.473899,2026-02-24 02:00:00,,,,,,,,,,,,,,,,,,,,
COW_USDT,ok,9999,1,12.244464,2026-02-14 19:00:00,2026-02-14 19:00:00,1,2026-02-14 19:00:00,12.244464,1.759391,1.093676,849.000000,21.542803,18.767639,244521.000000,288.010601,0.250005,0.998117,true,-5.559968,2026-02-14 20:00:00,0.251800,0.262600,0.236700,0.237800,0.951182,-4.881773,true,0.946782,-5.321765,true,1.050380,5.038042
CRCLX_USDT,ok,7245,0,4.285568,2025-09-06 18:00:00,,,,,,,,,,,,,,,,,,,,
CROSS_USDT,ok,7197,1,31.536003,2026-04-11 14:00:00,2026-04-11 14:00:00,1,2026-04-11 14:00:00,31.536003,1.654775,1.472598,73064.000000,52.184975,46.423227,868362.000000,11.884950,0.076957,27.135597,true,-18.491260,2026-04-11 15:00:00,0.097830,0.099250,0.076210,0.079740,1.036160,3.616031,false,0.990291,-0.970934,true,1.289678,28.967784
CSCO_USDT,ok,2178,0,0.897760,2026-02-02 23:00:00,,,,,,,,,,,,,,,,,,,,
CTC_USDT,ok,9999,0,3.601938,2025-11-26 08:00:00,,,,,,,,,,,,,,,,,,,,
CTK_USDT,ok,9996,1,11.092985,2025-04-29 23:00:00,2025-04-29 23:00:00,1,2025-04-29 23:00:00,11.092985,1.519214,1.251117,24074.000000,16.852613,4.081033,116667.000000,4.846183,0.390844,-9.298947,false,5.430765,2025-04-30 00:00:00,0.351700,0.370800,0.351300,0.370800,0.948715,-5.128489,true,0.898823,-10.117687,true,0.948715,-5.128489
CTSI_USDT,ok,9999,1,29.178166,2025-11-20 20:00:00,2025-11-20 20:00:00,1,2025-11-20 20:00:00,29.178166,1.468111,1.251504,38508.000000,42.836778,35.756712,4046883.000000,105.092007,0.048269,18.377573,true,9.143357,2025-11-20 21:00:00,0.057200,0.066740,0.052500,0.062430,1.293369,29.336925,false,1.087648,8.764834,false,1.382660,38.266000
CVC_USDT,ok,9991,1,13.067804,2025-12-05 16:00:00,2025-12-05 16:00:00,1,2025-12-05 16:00:00,13.067804,1.862828,1.121931,75763.000000,24.343073,17.679210,893539.000000,11.793870,0.056401,-0.747274,false,9.163987,2025-12-05 17:00:00,0.055980,0.062180,0.055280,0.061110,1.083482,8.348233,false,0.980116,-1.988376,true,1.102453,10.245347
CYBER_USDT,ok,9999,1,12.338433,2025-10-15 16:00:00,2025-10-15 16:00:00,1,2025-10-15 16:00:00,12.338433,1.924105,1.434171,629672.000000,23.740438,12.274686,15963442.000000,25.351996,1.355128,-5.772769,false,-3.477444,2025-10-15 17:00:00,1.276800,1.296600,1.223100,1.232400,0.909434,-9.056591,true,0.902571,-9.742872,true,0.956810,-4.319032
CYS_USDT,ok,3355,0,5.504988,2026-03-23 03:00:00,,,,,,,,,,,,,,,,,,,,
C_USDT,ok,6934,2,14.227594,2026-03-27 12:00:00,2026-03-15 01:00:00,1,2026-03-15 01:00:00,11.764900,2.749710,1.904920,8378.000000,32.350065,25.472621,354478.000000,42.310575,0.078092,-1.411435,false,7.273672,2026-03-15 02:00:00,0.076990,0.086570,0.073380,0.082590,1.057596,5.759573,false,0.939658,-6.034175,true,1.108561,10.856112
C_USDT,ok,6934,2,14.227594,2026-03-27 12:00:00,2026-03-15 01:00:00,2,2026-03-27 12:00:00,14.227594,2.224000,1.168000,39775.000000,31.642168,28.275644,886796.000000,22.295311,0.077031,5.359840,true,-2.185185,2026-03-27 13:00:00,0.081000,0.085820,0.076670,0.079230,1.028544,2.854364,false,0.995310,-0.468963,true,1.114093,11.409334
DAM_USDT,ok,5924,1,10.516035,2025-09-11 22:00:00,2025-09-11 22:00:00,1,2025-09-11 22:00:00,10.516035,3.007519,1.647736,6711.000000,31.627172,30.379147,29911.000000,4.457011,0.081658,1.068371,true,-22.277649,2025-09-11 23:00:00,0.082190,0.085020,0.063520,0.063880,0.782291,-21.770901,true,0.777882,-22.211766,true,1.041177,4.117689
DDOG_USDT,ok,24,0,,,,,,,,,,,,,,,,,,,,,,
DEEPTECH_USDT,ok,383,0,2.173356,2026-04-16 14:00:00,,,,,,,,,,,,,,,,,,,,
DEEP_USDT,ok,9999,0,4.909238,2025-04-12 03:00:00,,,,,,,,,,,,,,,,,,,,
DEGEN_USDT,ok,9999,1,30.397013,2025-04-07 16:00:00,2025-04-07 16:00:00,1,2025-04-07 16:00:00,30.397013,5.869797,3.575240,34000.000000,178.424305,4.273944,263410.000000,7.747353,0.003075,-34.144513,false,-2.114061,2025-04-07 17:00:00,0.002034,0.002057,0.001991,0.001991,0.647498,-35.250235,true,0.647498,-35.250235,true,0.668962,-33.103834
DEGO_USDT,ok,9992,2,13.956436,2026-03-12 02:00:00,2026-03-08 14:00:00,1,2026-03-08 14:00:00,11.797803,5.876639,2.112676,7751655.000000,69.331430,40.590055,50501253.000000,6.514899,0.663695,-10.968160,false,-3.182126,2026-03-08 15:00:00,0.590800,0.638500,0.517400,0.572000,0.861841,-13.815853,true,0.779575,-22.042521,true,0.962038,-3.796192
DEGO_USDT,ok,9992,2,13.956436,2026-03-12 02:00:00,2026-03-08 14:00:00,2,2026-03-12 02:00:00,13.956436,5.552392,1.651481,4506076.000000,77.491601,22.256439,42713265.000000,9.479038,1.111063,-21.390587,false,-2.343929,2026-03-12 03:00:00,0.874600,0.916100,0.830700,0.854100,0.768723,-23.127662,true,0.747662,-25.233754,true,0.824526,-17.547420
DELL_USDT,ok,48,0,,,,,,,,,,,,,,,,,,,,,,
DENT_USDT,ok,9999,1,10.986207,2026-04-21 15:00:00,2026-04-21 15:00:00,1,2026-04-21 15:00:00,10.986207,3.954802,2.259887,656859.000000,43.448276,32.275862,7258862.000000,11.050868,0.000101,-4.740446,false,-5.241090,2026-04-21 16:00:00,0.000095,0.000109,0.000082,0.000090,0.897963,-10.203715,true,0.815517,-18.448286,true,1.082721,8.272069
DEXE_USDT,ok,9999,0,9.240054,2025-09-21 11:00:00,,,,,,,,,,,,,,,,,,,,
DFDVX_USDT,ok,7168,0,5.288946,2026-02-10 04:00:00,,,,,,,,,,,,,,,,,,,,
DIA_USDT,ok,9990,1,11.706198,2025-04-07 16:00:00,2025-04-07 16:00:00,1,2025-04-07 16:00:00,11.706198,1.494169,1.275510,2381.000000,17.491039,2.007168,44464.000000,18.674507,0.318587,-10.668133,false,-1.649123,2025-04-07 17:00:00,0.285000,0.285200,0.280300,0.280300,0.879822,-12.017841,true,0.879822,-12.017841,true,0.895202,-10.479801
DOGS_USDT,ok,9999,0,5.959306,2026-03-09 23:00:00,,,,,,,,,,,,,,,,,,,,
DOG_USDT,ok,9999,1,12.554811,2025-04-26 09:00:00,2025-04-26 09:00:00,1,2025-04-26 09:00:00,12.554811,2.603143,1.129666,33863.000000,32.681974,20.713239,345743.000000,10.210052,0.002573,-3.959147,false,8.485587,2025-04-26 10:00:00,0.002463,0.002726,0.002416,0.002672,1.038532,3.853160,false,0.939032,-6.096843,true,1.059520,5.951989
DOLO_USDT,ok,8896,2,10.909121,2025-08-27 18:00:00,2025-04-30 18:00:00,1,2025-04-30 18:00:00,10.255734,2.570093,1.518692,2301.000000,26.358195,25.207182,71718.000000,31.168188,0.054524,-0.246652,false,-0.587587,2025-04-30 19:00:00,0.054460,0.058230,0.050120,0.054140,0.992948,-0.705162,true,0.919220,-8.077996,true,1.067961,6.796055
DOLO_USDT,ok,8896,2,10.909121,2025-08-27 18:00:00,2025-04-30 18:00:00,2,2025-08-27 18:00:00,10.909121,5.328753,3.547176,7465.000000,58.132008,14.880746,67625.000000,9.058942,0.396327,-24.771740,false,2.928968,2025-08-27 19:00:00,0.298740,0.310650,0.290070,0.307490,0.775849,-22.415101,true,0.731895,-26.810460,true,0.783822,-21.617780
DRIFT_USDT,ok,9999,0,6.914656,2026-04-08 09:00:00,,,,,,,,,,,,,,,,,,,,
DUSK_USDT,ok,9999,0,8.141099,2025-07-09 02:00:00,,,,,,,,,,,,,,,,,,,,
DYM_USDT,ok,9999,0,7.112389,2025-11-01 16:00:00,,,,,,,,,,,,,,,,,,,,
D_USDT,ok,9999,1,19.910400,2026-01-20 21:00:00,2026-01-20 21:00:00,1,2026-01-20 21:00:00,19.910400,1.639344,1.639344,12638.000000,32.640000,23.680000,3350299.000000,265.097246,0.014399,7.367223,true,6.606218,2026-01-20 22:00:00,0.015440,0.017620,0.014920,0.016460,1.143121,14.312062,false,1.036170,3.617009,false,1.223681,22.368077
EDGEX_USDT,ok,999,0,4.273660,2026-04-02 11:00:00,,,,,,,,,,,,,,,,,,,,
EDU_USDT,ok,9999,1,11.019590,2026-04-08 12:00:00,2026-04-08 12:00:00,1,2026-04-08 12:00:00,11.019590,1.757730,1.757730,70877.000000,19.369462,18.009479,1698589.000000,23.965306,0.056770,0.880280,true,-1.292125,2026-04-08 13:00:00,0.057270,0.059190,0.053980,0.056530,0.995768,-0.423219,true,0.950850,-4.915007,true,1.042623,4.262333
ELSA_USDT,ok,2349,0,6.613916,2026-02-06 20:00:00,,,,,,,,,,,,,,,,,,,,
EPIC_USDT,ok,9909,0,5.960259,2025-07-21 16:00:00,,,,,,,,,,,,,,,,,,,,
ERA_USDT,ok,6878,0,7.184282,2025-11-23 17:00:00,,,,,,,,,,,,,,,,,,,,
ESPORTS_USDT,ok,6691,0,6.392736,2025-11-13 00:00:00,,,,,,,,,,,,,,,,,,,,
EUL_USDT,ok,4772,0,9.365084,2026-01-25 04:00:00,,,,,,,,,,,,,,,,,,,,
EURUSD_USDT,ok,2229,0,,,,,,,,,,,,,,,,,,,,,,
EVAA_USDT,ok,5011,0,5.979276,2025-10-29 17:00:00,,,,,,,,,,,,,,,,,,,,
EVIX_USDT,ok,2206,0,4.599903,2026-02-04 02:00:00,,,,,,,,,,,,,,,,,,,,
EWT_USDT,ok,856,0,1.097433,2026-04-24 17:00:00,,,,,,,,,,,,,,,,,,,,
FET_USDT,ok,9999,0,5.431296,2025-04-10 01:00:00,,,,,,,,,,,,,,,,,,,,
FF_USDT,ok,5104,1,27.205738,2026-04-11 02:00:00,2026-04-11 02:00:00,1,2026-04-11 02:00:00,27.205738,3.793541,3.708927,153678.000000,103.206086,95.924467,6159021.000000,40.077441,0.101534,42.040731,true,-6.262136,2026-04-11 03:00:00,0.144200,0.171830,0.129150,0.135170,1.331275,33.127483,false,1.271985,27.198450,false,1.692335,69.233524
FHE_USDT,ok,9231,1,12.328849,2025-08-03 05:00:00,2025-08-03 05:00:00,1,2025-08-03 05:00:00,12.328849,1.546099,1.106383,575.000000,19.061625,2.310924,15257.000000,26.533913,0.079409,-8.008081,false,-1.834360,2025-08-03 06:00:00,0.073050,0.073180,0.071270,0.071710,0.903045,-9.695544,true,0.897504,-10.249636,true,0.921556,-7.844372
FIDA_USDT,ok,9999,0,6.992942,2025-12-06 17:00:00,,,,,,,,,,,,,,,,,,,,
FIGHT_USDT,ok,2323,0,6.463153,2026-04-21 17:00:00,,,,,,,,,,,,,,,,,,,,
FIO_USDT,ok,9997,1,10.013527,2025-04-25 10:00:00,2025-04-25 10:00:00,1,2025-04-25 10:00:00,10.013527,2.302821,1.208981,26458.000000,23.059361,16.324201,2047214.000000,77.375992,0.020955,-2.741851,false,-25.759060,2025-04-25 11:00:00,0.020420,0.022190,0.013280,0.015160,0.723471,-27.652918,true,0.633753,-36.624719,true,1.058959,5.895894
FLOCK_USDT,ok,9998,1,12.355285,2025-05-31 23:00:00,2025-05-31 23:00:00,1,2025-05-31 23:00:00,12.355285,2.327067,1.533126,507458.000000,28.751576,14.591965,6492447.000000,12.794058,0.136815,-7.013186,false,-7.836818,2025-06-01 00:00:00,0.127220,0.127220,0.115140,0.117250,0.856996,-14.300394,true,0.841574,-15.842621,true,0.929868,-7.013186
FLR_USDT,ok,9998,0,6.688032,2025-04-28 23:00:00,,,,,,,,,,,,,,,,,,,,
FLUID_USDT,ok,5230,2,15.674957,2026-01-25 08:00:00,2025-11-22 08:00:00,1,2025-11-22 08:00:00,15.110667,3.316867,2.787579,2383.000000,50.120069,41.852487,157208.000000,65.970625,3.879867,6.575829,true,3.722504,2025-11-22 09:00:00,4.137000,4.397000,4.110000,4.291000,1.105966,10.596585,false,1.059315,5.931477,false,1.133286,13.328638
FLUID_USDT,ok,5230,2,15.674957,2026-01-25 08:00:00,2025-11-22 08:00:00,2,2026-01-25 08:00:00,15.674957,3.274162,2.919132,13642.000000,51.322346,39.018781,704714.000000,51.657675,3.463229,4.728859,true,-1.019565,2026-01-25 09:00:00,3.629000,3.737000,3.412000,3.592000,1.037182,3.718241,false,0.985208,-1.479221,true,1.079051,7.905086
FLUX_USDT,ok,9999,1,38.415020,2025-11-08 00:00:00,2025-11-08 00:00:00,1,2025-11-08 00:00:00,38.415020,2.905342,2.343018,110743.000000,111.608775,106.124314,5326089.000000,48.094137,0.140684,60.287802,true,-15.388046,2025-11-08 01:00:00,0.224200,0.269100,0.173800,0.189700,1.348408,34.840780,false,1.235389,23.538891,false,1.912791,91.279146
FN_USDT,ok,49,0,0.243801,2026-04-30 07:00:00,,,,,,,,,,,,,,,,,,,,
FOLKS_USDT,ok,4194,0,9.796137,2026-03-21 20:00:00,,,,,,,,,,,,,,,,,,,,
FORM_USDT,ok,9762,1,13.305800,2026-04-11 03:00:00,2026-04-11 03:00:00,1,2026-04-11 03:00:00,13.305800,1.694915,1.365348,154148.000000,22.552204,6.125290,2199712.000000,14.270130,0.252025,-9.255187,false,-2.843395,2026-04-11 04:00:00,0.228600,0.230200,0.220500,0.222100,0.881260,-11.873970,true,0.874912,-12.508827,true,0.913400,-8.660009
FRAX_USDT,ok,2519,0,3.818204,2026-01-19 22:00:00,,,,,,,,,,,,,,,,,,,,
FSLR_USDT,ok,145,0,1.046101,2026-04-26 20:00:00,,,,,,,,,,,,,,,,,,,,
FUN_USDT,ok,2512,0,8.572062,2026-04-09 14:00:00,,,,,,,,,,,,,,,,,,,,
FUTUON_USDT,ok,4052,0,1.528278,2026-01-26 14:00:00,,,,,,,,,,,,,,,,,,,,
GAIB_USDT,ok,3884,0,9.552059,2025-11-24 12:00:00,,,,,,,,,,,,,,,,,,,,
GBPUSD_USDT,ok,2230,0,,,,,,,,,,,,,,,,,,,,,,
GD_USDT,ok,1394,0,1.186223,2026-04-29 22:00:00,,,,,,,,,,,,,,,,,,,,
GEELY_USDT,ok,408,0,3.035559,2026-04-21 14:00:00,,,,,,,,,,,,,,,,,,,,
GENIUS_USDT,ok,364,0,9.838394,2026-04-18 14:00:00,,,,,,,,,,,,,,,,,,,,
GER40_USDT,ok,1394,0,0.350124,2026-03-23 20:00:00,,,,,,,,,,,,,,,,,,,,
GE_USDT,ok,2160,0,1.794303,2026-04-08 18:00:00,,,,,,,,,,,,,,,,,,,,
GLW_USDT,ok,49,0,,,,,,,,,,,,,,,,,,,,,,
GOAT_USDT,ok,9999,0,4.605695,2025-11-10 00:00:00,,,,,,,,,,,,,,,,,,,,
GOOGLX_USDT,ok,7169,0,2.976874,2025-08-27 09:00:00,,,,,,,,,,,,,,,,,,,,
GRIFFAIN_USDT,ok,9999,0,6.850774,2025-05-09 14:00:00,,,,,,,,,,,,,,,,,,,,
GT_USDT,ok,9999,0,3.170617,2025-08-21 21:00:00,,,,,,,,,,,,,,,,,,,,
GUA_USDT,ok,3118,0,8.762263,2026-04-01 13:00:00,,,,,,,,,,,,,,,,,,,,
GUN_USDT,ok,9473,0,8.106547,2026-01-03 20:00:00,,,,,,,,,,,,,,,,,,,,
GVZ_USDT,ok,1174,0,2.889856,2026-04-06 21:00:00,,,,,,,,,,,,,,,,,,,,
GWEI_USDT,ok,2368,0,6.347891,2026-04-21 07:00:00,,,,,,,,,,,,,,,,,,,,
G_USDT,ok,9996,1,16.911026,2026-01-25 08:00:00,2026-01-25 08:00:00,1,2026-01-25 08:00:00,16.911026,1.781737,1.781737,6484.000000,30.131004,28.602620,681324.000000,105.077730,0.005396,9.154209,true,2.203390,2026-01-25 09:00:00,0.005900,0.006050,0.005550,0.006030,1.117487,11.748706,false,1.028533,2.853287,false,1.121193,12.119349
HAEDAL_USDT,ok,8778,1,11.486712,2025-05-21 18:00:00,2025-05-21 18:00:00,1,2025-05-21 18:00:00,11.486712,3.779723,2.695376,25975.000000,43.416585,24.779295,1148414.000000,44.212281,0.182563,-9.417405,false,5.635165,2025-05-21 19:00:00,0.165390,0.176740,0.164200,0.174710,0.956986,-4.301353,true,0.899417,-10.058281,true,0.968106,-3.189406
HANA_USDT,ok,5179,0,5.831695,2025-11-06 21:00:00,,,,,,,,,,,,,,,,,,,,
HEI_USDT,ok,9999,0,6.888032,2026-04-03 00:00:00,,,,,,,,,,,,,,,,,,,,
HEMI_USDT,ok,5787,1,12.354737,2026-04-15 00:00:00,2026-04-15 00:00:00,1,2026-04-15 00:00:00,12.354737,3.117946,1.650677,66555.000000,38.521401,32.921067,786465.000000,11.816768,0.009348,2.324923,true,-17.014178,2026-04-15 01:00:00,0.009592,0.010000,0.007860,0.007960,0.851549,-14.845124,true,0.840851,-15.914909,true,1.069785,6.978487
HFT_USDT,ok,9997,0,7.984976,2025-11-21 08:00:00,,,,,,,,,,,,,,,,,,,,
HIGH_USDT,ok,9999,0,9.504134,2025-04-19 09:00:00,,,,,,,,,,,,,,,,,,,,
HIVE_USDT,ok,9998,0,8.242902,2025-12-28 08:00:00,,,,,,,,,,,,,,,,,,,,
HK50_USDT,ok,2230,0,1.358396,2026-04-06 09:00:00,,,,,,,,,,,,,,,,,,,,
HNT_USDT,ok,9999,0,7.179837,2025-04-13 04:00:00,,,,,,,,,,,,,,,,,,,,
HOLO_USDT,ok,5538,0,7.304041,2026-02-28 08:00:00,,,,,,,,,,,,,,,,,,,,
HOODX_USDT,ok,7239,0,2.637906,2026-01-30 05:00:00,,,,,,,,,,,,,,,,,,,,
HPE_USDT,ok,49,0,,,,,,,,,,,,,,,,,,,,,,
HSBC_USDT,ok,74,0,,,,,,,,,,,,,,,,,,,,,,
HSCHKD_USDT,ok,2042,0,1.017105,2026-03-23 05:00:00,,,,,,,,,,,,,,,,,,,,
HYPER_USDT,ok,8945,0,7.117829,2026-03-17 18:00:00,,,,,,,,,,,,,,,,,,,,
IAU_USDT,ok,2160,0,7.359415,2026-02-03 08:00:00,,,,,,,,,,,,,,,,,,,,
IBM_USDT,ok,2179,0,1.480657,2026-02-24 22:00:00,,,,,,,,,,,,,,,,,,,,
ICNT_USDT,ok,7217,0,6.283667,2025-08-12 13:00:00,,,,,,,,,,,,,,,,,,,,
IDOL_USDT,ok,7746,0,9.158789,2025-06-12 08:00:00,,,,,,,,,,,,,,,,,,,,
ID_USDT,ok,9999,1,13.331539,2025-08-28 22:00:00,2025-08-28 22:00:00,1,2025-08-28 22:00:00,13.331539,1.536570,1.167793,35354.000000,20.484848,10.909091,2618299.000000,74.059484,0.190153,-3.761916,false,0.219298,2025-08-28 23:00:00,0.182400,0.196300,0.179700,0.182800,0.961329,-3.867094,true,0.945026,-5.497357,true,1.032324,3.232437
IEFA_USDT,ok,2160,0,3.010805,2026-02-13 06:00:00,,,,,,,,,,,,,,,,,,,,
ILV_USDT,ok,9999,0,4.239224,2026-04-10 20:00:00,,,,,,,,,,,,,,,,,,,,
INX_USDT,ok,2180,0,3.142901,2026-04-13 07:00:00,,,,,,,,,,,,,,,,,,,,
IN_USDT,ok,6380,1,34.335318,2025-10-10 14:00:00,2025-10-10 14:00:00,1,2025-10-10 14:00:00,34.335318,4.203315,3.594384,13399.000000,144.322165,62.965680,605149.000000,45.163744,0.174232,14.737776,true,-7.962119,2025-10-10 15:00:00,0.199570,0.202880,0.172390,0.183680,1.054226,5.422613,false,0.989427,-1.057250,true,1.164424,16.442399
IOTX_USDT,ok,9999,0,4.633362,2025-06-03 09:00:00,,,,,,,,,,,,,,,,,,,,
IO_USDT,ok,9999,0,7.856739,2025-04-10 01:00:00,,,,,,,,,,,,,,,,,,,,
IREN_USDT,ok,25,0,0.249931,2026-04-30 02:00:00,,,,,,,,,,,,,,,,,,,,
IRYS_USDT,ok,3712,0,7.317692,2026-01-24 10:00:00,,,,,,,,,,,,,,,,,,,,
IR_USDT,ok,3118,0,5.884088,2026-04-28 21:00:00,,,,,,,,,,,,,,,,,,,,
JASMY_USDT,ok,9999,0,6.233011,2025-04-19 16:00:00,,,,,,,,,,,,,,,,,,,,
JCI_USDT,ok,74,0,0.704304,2026-04-29 22:00:00,,,,,,,,,,,,,,,,,,,,
JCT_USDT,ok,4100,0,6.179269,2026-02-10 01:00:00,,,,,,,,,,,,,,,,,,,,
JDON_USDT,ok,4052,0,1.577785,2026-04-11 00:00:00,,,,,,,,,,,,,,,,,,,,
JNJ_USDT,ok,74,0,,,,,,,,,,,,,,,,,,,,,,
JOE_USDT,ok,9999,0,5.773420,2026-01-04 21:00:00,,,,,,,,,,,,,,,,,,,,
JPM_USDT,ok,2254,0,0.521025,2026-02-28 05:00:00,,,,,,,,,,,,,,,,,,,,
JPN225_USDT,ok,2230,0,1.288082,2026-04-08 07:00:00,,,,,,,,,,,,,,,,,,,,
JST_USDT,ok,9994,0,3.169340,2025-07-29 18:00:00,,,,,,,,,,,,,,,,,,,,
KAIA_USDT,ok,9999,0,5.955494,2025-04-07 16:00:00,,,,,,,,,,,,,,,,,,,,
KALSHI_USDT,ok,402,0,,,,,,,,,,,,,,,,,,,,,,
KAS_USDT,ok,9999,0,4.693316,2025-04-10 01:00:00,,,,,,,,,,,,,,,,,,,,
KAVA_USDT,ok,9999,0,9.881423,2026-03-02 15:00:00,,,,,,,,,,,,,,,,,,,,
KERNEL_USDT,ok,9138,1,69.477189,2025-10-28 15:00:00,2025-10-28 15:00:00,1,2025-10-28 15:00:00,69.477189,2.338462,1.476923,8110.000000,162.469734,29.297821,1934268.000000,238.504069,0.203831,4.792498,true,-10.506567,2025-10-28 16:00:00,0.213200,0.214300,0.185500,0.190800,0.936068,-6.393218,true,0.910066,-8.993406,true,1.051359,5.135919
KNC_USDT,ok,9999,1,10.160085,2026-03-27 12:00:00,2026-03-27 12:00:00,1,2026-03-27 12:00:00,10.160085,1.376812,1.014493,39649.000000,13.988522,7.675753,942417.000000,23.768998,0.157693,-4.814903,false,10.911510,2026-03-27 13:00:00,0.150300,0.168600,0.145600,0.166700,1.057119,5.711896,false,0.923314,-7.668554,true,1.069168,6.916771
KOMA_USDT,ok,9999,1,16.980072,2025-10-18 13:00:00,2025-10-18 13:00:00,1,2025-10-18 13:00:00,16.980072,2.307692,1.538462,58326.000000,39.184783,18.641304,4470764.000000,76.651305,0.022626,-3.518733,false,-0.550711,2025-10-18 14:00:00,0.021790,0.023680,0.021130,0.021670,0.957741,-4.225879,true,0.933875,-6.612497,true,1.046576,4.657646
KO_USDT,ok,2160,0,1.417925,2026-02-10 22:00:00,,,,,,,,,,,,,,,,,,,,
KUAISHOU_USDT,ok,408,0,0.154705,2026-04-16 00:00:00,,,,,,,,,,,,,,,,,,,,
KWEB_USDT,ok,857,0,0.916932,2026-04-14 22:00:00,,,,,,,,,,,,,,,,,,,,
LENOVO_USDT,ok,384,0,6.277804,2026-04-22 11:00:00,,,,,,,,,,,,,,,,,,,,
LISTA_USDT,ok,9999,1,20.019963,2026-03-15 20:00:00,2026-03-15 20:00:00,1,2026-03-15 20:00:00,20.019963,1.548673,1.106195,865.000000,31.004367,8.515284,168506.000000,194.804624,0.105586,-5.858589,false,-6.155399,2026-03-15 21:00:00,0.099100,0.099100,0.091400,0.093000,0.880800,-11.920008,true,0.865646,-13.435363,true,0.938573,-6.142718
LITE_USDT,ok,1988,0,2.859276,2026-03-18 01:00:00,,,,,,,,,,,,,,,,,,,,
LMT_USDT,ok,2160,0,2.985312,2026-03-02 15:00:00,,,,,,,,,,,,,,,,,,,,
LSK_USDT,ok,9998,1,13.527255,2025-11-14 08:00:00,2025-11-14 08:00:00,1,2025-11-14 08:00:00,13.527255,1.633004,1.375161,184766.000000,22.090059,17.162277,2171356.000000,11.751924,0.272041,1.381810,true,-0.980748,2025-11-14 09:00:00,0.275300,0.297600,0.267500,0.272600,1.002055,0.205516,false,0.983308,-1.669202,true,1.093953,9.395311
LUMIA_USDT,ok,9999,0,9.973067,2025-05-13 08:00:00,,,,,,,,,,,,,,,,,,,,
LUNC_USDT,ok,9999,0,4.240091,2026-04-17 08:00:00,,,,,,,,,,,,,,,,,,,,
LYN_USDT,ok,4943,0,6.598145,2025-10-08 18:00:00,,,,,,,,,,,,,,,,,,,,
MAGMA_USDT,ok,3234,0,3.729578,2025-12-17 21:00:00,,,,,,,,,,,,,,,,,,,,
MANTA_USDT,ok,9999,0,9.225503,2025-12-30 17:00:00,,,,,,,,,,,,,,,,,,,,
MANTRA_USDT,ok,1365,0,4.249544,2026-03-08 08:00:00,,,,,,,,,,,,,,,,,,,,
MAVIA_USDT,ok,9999,0,7.191950,2025-11-06 01:00:00,,,,,,,,,,,,,,,,,,,,
MAV_USDT,ok,9996,1,10.376586,2026-03-16 02:00:00,2026-03-16 02:00:00,1,2026-03-16 02:00:00,10.376586,1.978172,1.091405,67989.000000,20.526671,5.604321,2753139.000000,40.493889,0.017700,-11.636784,false,-1.920615,2026-03-16 03:00:00,0.015620,0.015620,0.015170,0.015320,0.865553,-13.444727,true,0.857078,-14.292200,true,0.882502,-11.749780
MBABYDOGE_USDT,ok,9999,0,5.147790,2025-04-10 01:00:00,,,,,,,,,,,,,,,,,,,,
MBOX_USDT,ok,9999,0,7.315561,2025-10-10 20:00:00,,,,,,,,,,,,,,,,,,,,
MCD_USDT,ok,2180,0,0.547488,2026-04-01 10:00:00,,,,,,,,,,,,,,,,,,,,
MDB_USDT,ok,26,0,,,,,,,,,,,,,,,,,,,,,,
MEITUAN_USDT,ok,409,0,0.194829,2026-04-29 10:00:00,,,,,,,,,,,,,,,,,,,,
MELANIA_USDT,ok,9999,0,9.168250,2025-04-24 00:00:00,,,,,,,,,,,,,,,,,,,,
MEMES_USDT,ok,2274,0,8.461408,2026-04-13 13:00:00,,,,,,,,,,,,,,,,,,,,
METAX_USDT,ok,7240,0,1.686797,2025-10-04 11:00:00,,,,,,,,,,,,,,,,,,,,
MINIMAX_USDT,ok,385,0,3.481682,2026-04-27 13:00:00,,,,,,,,,,,,,,,,,,,,
MIRA_USDT,ok,5179,1,10.284738,2026-02-27 02:00:00,2026-02-27 02:00:00,1,2026-02-27 02:00:00,10.284738,2.790698,1.976744,233247.000000,28.701595,25.512528,7332242.000000,31.435525,0.112302,-1.872023,false,3.363636,2026-02-27 03:00:00,0.110000,0.116000,0.105000,0.113700,1.012446,1.244564,false,0.934976,-6.502381,true,1.032926,3.292607
MITO_USDT,ok,5873,0,8.507121,2026-04-13 18:00:00,,,,,,,,,,,,,,,,,,,,
MNT_USDT,ok,9999,0,7.534915,2025-08-29 18:00:00,,,,,,,,,,,,,,,,,,,,
MOCA_USDT,ok,9999,1,37.625621,2025-07-13 08:00:00,2025-07-13 08:00:00,1,2025-07-13 08:00:00,37.625621,1.409949,1.143921,79556.000000,53.050224,44.938207,3467929.000000,43.591043,0.086784,27.027913,true,-8.490822,2025-07-13 09:00:00,0.110590,0.111920,0.099490,0.101200,1.166113,16.611255,false,1.146408,14.640848,false,1.289638,28.963752
MOG_USDT,ok,9997,0,6.065574,2025-12-02 22:00:00,,,,,,,,,,,,,,,,,,,,
MOVR_USDT,ok,9999,0,4.916937,2026-04-26 00:00:00,,,,,,,,,,,,,,,,,,,,
MRVL_USDT,ok,2180,0,1.567978,2026-04-02 22:00:00,,,,,,,,,,,,,,,,,,,,
MSTRX_USDT,ok,7170,0,8.109932,2026-04-17 21:00:00,,,,,,,,,,,,,,,,,,,,
MTL_USDT,ok,9998,0,4.358419,2025-11-15 08:00:00,,,,,,,,,,,,,,,,,,,,
MYX_USDT,ok,6383,1,12.750338,2025-09-08 18:00:00,2025-09-08 18:00:00,1,2025-09-08 18:00:00,12.750338,6.134479,2.657132,2999136.000000,78.216677,39.116123,11302797.000000,3.768684,7.241423,-13.624711,false,8.651106,2025-09-08 19:00:00,6.246600,6.855000,5.561100,6.787000,0.937247,-6.275327,true,0.767957,-23.204320,true,0.946637,-5.336285
M_USDT,ok,7128,0,7.290316,2026-03-25 22:00:00,,,,,,,,,,,,,,,,,,,,
NAORIS_USDT,ok,6546,2,20.267345,2026-03-24 10:00:00,2025-09-10 22:00:00,1,2025-09-10 22:00:00,11.189825,4.627672,2.161146,31015.000000,51.782839,35.196687,608555.000000,19.621312,0.063576,-7.560170,false,20.602758,2025-09-10 23:00:00,0.058730,0.072580,0.057300,0.070830,1.114091,11.409107,false,0.901277,-9.872345,true,1.141617,14.161696
NAORIS_USDT,ok,6546,2,20.267345,2026-03-24 10:00:00,2025-09-10 22:00:00,2,2026-03-24 10:00:00,20.267345,4.337737,1.927883,12027.000000,87.914401,61.813717,184951.000000,15.377983,0.081319,13.441515,true,-20.363558,2026-03-24 11:00:00,0.092420,0.094850,0.072280,0.073600,0.905073,-9.492732,true,0.888840,-11.115960,true,1.166388,16.638783
NAS100_USDT,ok,2323,0,0.356451,2026-04-30 07:00:00,,,,,,,,,,,,,,,,,,,,
NBIS_USDT,ok,26,0,1.252900,2026-04-30 02:00:00,,,,,,,,,,,,,,,,,,,,
NEWT_USDT,ok,7553,0,7.078468,2026-04-21 18:00:00,,,,,,,,,,,,,,,,,,,,
NFP_USDT,ok,9999,0,5.990575,2025-11-09 21:00:00,,,,,,,,,,,,,,,,,,,,
NIL_USDT,ok,9998,0,6.417067,2025-07-11 12:00:00,,,,,,,,,,,,,,,,,,,,
NOC_USDT,ok,1395,0,0.801237,2026-03-18 22:00:00,,,,,,,,,,,,,,,,,,,,
NOM_USDT,ok,5064,1,11.922818,2025-10-19 05:00:00,2025-10-19 05:00:00,1,2025-10-19 05:00:00,11.922818,2.036324,1.155751,6920.000000,24.278715,23.407730,63394.000000,9.160983,0.021951,3.276764,true,-4.842292,2025-10-19 06:00:00,0.022510,0.022900,0.020600,0.021420,0.975822,-2.417808,true,0.938466,-6.153448,true,1.043246,4.324565
NVDAX_USDT,ok,7247,0,2.050867,2025-09-10 04:00:00,,,,,,,,,,,,,,,,,,,,
NXPC_USDT,ok,8401,0,3.217278,2025-06-03 10:00:00,,,,,,,,,,,,,,,,,,,,
NXT_USDT,ok,146,0,4.062946,2026-04-24 16:00:00,,,,,,,,,,,,,,,,,,,,
OGN_USDT,ok,9998,1,11.671548,2025-04-20 16:00:00,2025-04-20 16:00:00,1,2025-04-20 16:00:00,11.671548,2.467370,1.215805,49176.000000,28.798026,28.657032,1266639.000000,25.757260,0.070660,3.311842,true,-4.519852,2025-04-20 17:00:00,0.072790,0.073620,0.067310,0.069500,0.983585,-1.641465,true,0.952592,-4.740820,true,1.041893,4.189285
OG_USDT,ok,9999,0,7.164838,2025-08-10 13:00:00,,,,,,,,,,,,,,,,,,,,
ONG_USDT,ok,9997,0,8.406908,2026-04-03 12:00:00,,,,,,,,,,,,,,,,,,,,
ON_USDT,ok,4511,0,5.008524,2026-03-27 00:00:00,,,,,,,,,,,,,,,,,,,,
OPENAI_USDT,ok,403,0,6.283719,2026-04-24 13:00:00,,,,,,,,,,,,,,,,,,,,
OPEN_USDT,ok,5610,0,3.146627,2025-09-20 21:00:00,,,,,,,,,,,,,,,,,,,,
ORCA_USDT,ok,9999,1,11.715069,2025-12-16 11:00:00,2025-12-16 11:00:00,1,2025-12-16 11:00:00,11.715069,1.147228,1.147228,52953.000000,13.439850,5.545113,2077613.000000,39.235039,1.185065,-5.237266,false,-0.713012,2025-12-16 12:00:00,1.122000,1.173000,1.090000,1.114000,0.940033,-5.996718,true,0.919781,-8.021924,true,0.989819,-1.018088
ORCLX_USDT,ok,4193,0,3.231457,2026-01-26 22:00:00,,,,,,,,,,,,,,,,,,,,
OXT_USDT,ok,9996,1,19.259963,2026-03-12 03:00:00,2026-03-12 03:00:00,1,2026-03-12 03:00:00,19.259963,1.893939,1.262626,34203.000000,36.477202,12.554653,571240.000000,16.701459,0.019042,-5.368062,false,0.832408,2026-03-12 04:00:00,0.018020,0.018590,0.017540,0.018170,0.954197,-4.580338,true,0.921112,-7.888780,true,0.976253,-2.374710
PAXG_USDT,ok,9719,0,2.285019,2026-02-28 17:00:00,,,,,,,,,,,,,,,,,,,,
PAYP_USDT,ok,911,0,2.442751,2026-03-24 02:00:00,,,,,,,,,,,,,,,,,,,,
PEP_USDT,ok,2161,0,1.441347,2026-02-03 22:00:00,,,,,,,,,,,,,,,,,,,,
PG_USDT,ok,2161,0,0.615506,2026-02-03 23:00:00,,,,,,,,,,,,,,,,,,,,
PHA_USDT,ok,9999,1,11.705386,2026-03-20 10:00:00,2026-03-20 10:00:00,1,2026-03-20 10:00:00,11.705386,2.984625,2.562557,142209.000000,34.936183,25.942416,13498102.000000,94.917354,0.043525,-2.516245,false,-2.264151,2026-03-20 11:00:00,0.042400,0.043310,0.040680,0.041440,0.952092,-4.790789,true,0.934631,-6.536904,true,0.995056,-0.494427
PHB_USDT,ok,9999,0,7.614184,2025-07-12 18:00:00,,,,,,,,,,,,,,,,,,,,
PIXEL_USDT,ok,9999,0,8.206877,2026-01-01 03:00:00,,,,,,,,,,,,,,,,,,,,
PLAY_USDT,ok,6550,2,10.141151,2026-04-25 09:00:00,2026-01-28 18:00:00,1,2026-01-28 18:00:00,10.059595,2.222222,2.168350,1729.000000,22.354655,18.527347,92929.000000,53.747253,0.091900,-2.611534,false,11.159469,2026-01-28 19:00:00,0.089610,0.103270,0.088280,0.099610,1.083896,8.389554,false,0.960609,-3.939064,true,1.123721,12.372144
PLAY_USDT,ok,6550,2,10.141151,2026-04-25 09:00:00,2026-01-28 18:00:00,2,2026-04-25 09:00:00,10.141151,3.848653,1.386382,4049.000000,39.029776,23.927910,33684.000000,8.319091,0.186457,-6.697184,false,-20.053921,2026-04-25 10:00:00,0.174330,0.186380,0.133190,0.139370,0.747463,-25.253702,true,0.714319,-28.568132,true,0.999585,-0.041508
PLTRX_USDT,ok,4193,0,3.435626,2025-11-14 22:00:00,,,,,,,,,,,,,,,,,,,,
POLYMARKET_USDT,ok,403,0,1.184951,2026-04-29 05:00:00,,,,,,,,,,,,,,,,,,,,
POLYX_USDT,ok,9991,1,11.845275,2025-07-12 10:00:00,2025-07-12 10:00:00,1,2025-07-12 10:00:00,11.845275,1.979197,1.856400,8725.000000,23.444130,12.057992,49382.000000,5.659828,0.168976,-6.229199,false,-2.855689,2025-07-12 11:00:00,0.157230,0.158880,0.151740,0.152740,0.903916,-9.608381,true,0.897998,-10.200181,true,0.940253,-5.974725
POWER_USDT,ok,9999,1,10.643847,2025-03-17 03:00:00,2025-03-17 03:00:00,1,2025-03-17 03:00:00,10.643847,1.284073,1.284073,1892.000000,13.667476,0.662398,8624.000000,4.558140,0.051106,-10.792497,false,3.628167,2025-03-17 04:00:00,0.046580,0.048740,0.046580,0.048270,0.944516,-5.548450,true,0.911447,-8.855330,true,0.953712,-4.628785
POWR_USDT,ok,9992,0,2.871734,2025-12-30 11:00:00,,,,,,,,,,,,,,,,,,,,
PRL_USDT,ok,860,1,19.536464,2026-04-01 17:00:00,2026-04-01 17:00:00,1,2026-04-01 17:00:00,19.536464,2.716346,1.963141,10736.000000,53.067798,45.266714,767892.000000,71.524963,0.161026,14.832123,true,-12.887237,2026-04-01 18:00:00,0.185610,0.203500,0.157310,0.161690,1.004121,0.412125,false,0.976921,-2.307926,true,1.263768,26.376816
PROMPT_USDT,ok,9234,1,17.979272,2025-12-13 06:00:00,2025-12-13 06:00:00,1,2025-12-13 06:00:00,17.979272,7.306889,6.680585,120540.000000,131.372549,19.607843,8723155.000000,72.367305,0.088265,-30.890040,false,7.201309,2025-12-13 07:00:00,0.061100,0.075200,0.060100,0.065500,0.742082,-25.791764,true,0.680903,-31.909695,true,0.851979,-14.802148
PROM_USDT,ok,9999,0,4.179524,2025-05-24 01:00:00,,,,,,,,,,,,,,,,,,,,
PTB_USDT,ok,5731,0,8.261739,2025-09-07 20:00:00,,,,,,,,,,,,,,,,,,,,
PUFFER_USDT,ok,9999,0,5.984685,2025-06-03 17:00:00,,,,,,,,,,,,,,,,,,,,
PUNDIX_USDT,ok,8763,0,8.813518,2025-10-18 14:00:00,,,,,,,,,,,,,,,,,,,,
QNT_USDT,ok,9999,0,6.621602,2025-04-10 01:00:00,,,,,,,,,,,,,,,,,,,,
QQQX_USDT,ok,7170,0,3.552729,2025-09-13 09:00:00,,,,,,,,,,,,,,,,,,,,
Q_USDT,ok,5760,0,5.044219,2026-04-06 19:00:00,,,,,,,,,,,,,,,,,,,,
RARE_USDT,ok,9999,3,15.004939,2026-04-18 05:00:00,2025-04-27 18:00:00,1,2025-04-27 18:00:00,10.852004,1.499516,1.064173,12016.000000,16.272756,14.196742,813829.000000,67.728778,0.071930,-0.583861,false,-2.111593,2025-04-27 19:00:00,0.071510,0.074090,0.069100,0.070000,0.973169,-2.683125,true,0.960657,-3.934342,true,1.030030,3.002961
RARE_USDT,ok,9999,3,15.004939,2026-04-18 05:00:00,2025-04-27 18:00:00,2,2025-10-15 13:00:00,10.987109,1.730564,1.490948,88904.000000,19.013900,10.123263,2223652.000000,25.011833,0.044729,-6.122793,false,-0.285036,2025-10-15 14:00:00,0.042100,0.045380,0.041180,0.041980,0.938548,-6.145150,true,0.920663,-7.933713,true,1.014562,1.456243
RARE_USDT,ok,9999,3,15.004939,2026-04-18 05:00:00,2025-04-27 18:00:00,3,2026-04-18 05:00:00,15.004939,2.800954,1.609058,21107.000000,42.028136,39.097304,2045784.000000,96.924433,0.021838,8.661674,true,-6.492411,2026-04-18 06:00:00,0.023720,0.025500,0.021090,0.022180,1.015641,1.564093,false,0.965729,-3.427109,true,1.167667,16.766653
RATS_USDT,ok,9999,0,7.982932,2025-10-12 08:00:00,,,,,,,,,,,,,,,,,,,,
RDDTON_USDT,ok,4053,0,2.636668,2026-04-14 21:00:00,,,,,,,,,,,,,,,,,,,,
RDNT_USDT,ok,9999,1,17.389862,2025-12-08 19:00:00,2025-12-08 19:00:00,1,2025-12-08 19:00:00,17.389862,1.404494,1.404494,585393.000000,24.423963,23.502304,19282204.000000,32.938904,0.012344,8.555850,true,1.050263,2025-12-08 20:00:00,0.013330,0.014370,0.012490,0.013470,1.091229,9.122933,false,1.011838,1.183774,false,1.164140,16.413998
RED_USDT,ok,9999,1,12.809815,2025-09-05 15:00:00,2025-09-05 15:00:00,1,2025-09-05 15:00:00,12.809815,6.273063,4.558281,1059911.000000,80.356772,41.568139,10121099.000000,9.549008,0.770924,-11.469913,false,-8.852026,2025-09-05 16:00:00,0.681200,0.730000,0.616400,0.620900,0.805397,-19.460321,true,0.799560,-20.044036,true,0.946915,-5.308479
REZ_USDT,ok,9999,0,5.374313,2025-07-20 17:00:00,,,,,,,,,,,,,,,,,,,,
RIF_USDT,ok,9994,0,3.561280,2025-04-10 01:00:00,,,,,,,,,,,,,,,,,,,,
RLC_USDT,ok,9999,1,10.007766,2025-08-28 06:00:00,2025-08-28 06:00:00,1,2025-08-28 06:00:00,10.007766,2.798541,2.114859,36734.000000,28.007149,23.351206,751377.000000,20.454538,1.429757,-3.459105,false,16.595312,2025-08-28 07:00:00,1.378100,1.623700,1.336800,1.606800,1.123827,12.382750,false,0.934984,-6.501581,true,1.135648,13.564769
RON_USDT,ok,9998,0,5.106217,2025-04-10 01:00:00,,,,,,,,,,,,,,,,,,,,
ROSE_USDT,ok,9998,0,4.715210,2025-09-13 01:00:00,,,,,,,,,,,,,,,,,,,,
RPL_USDT,ok,9991,0,7.245720,2026-02-17 02:00:00,,,,,,,,,,,,,,,,,,,,
RTX_USDT,ok,1396,0,0.636701,2026-04-14 22:00:00,,,,,,,,,,,,,,,,,,,,
RUNE_USDT,ok,9999,0,4.325834,2025-04-10 01:00:00,,,,,,,,,,,,,,,,,,,,
SAFE_USDT,ok,9999,1,15.315142,2025-07-14 08:00:00,2025-07-14 08:00:00,1,2025-07-14 08:00:00,15.315142,1.724138,1.204819,7870.000000,26.405416,17.890849,2565770.000000,326.019060,0.571434,0.553960,true,-3.499913,2025-07-14 09:00:00,0.574300,0.586800,0.547700,0.554200,0.969840,-3.016003,true,0.958465,-4.153492,true,1.026889,2.688938
SAGA_USDT,ok,9999,0,3.216852,2026-02-16 03:00:00,,,,,,,,,,,,,,,,,,,,
SBP_USDT,ok,386,0,2.036927,2026-04-24 11:00:00,,,,,,,,,,,,,,,,,,,,
SCRT_USDT,ok,9999,0,7.359420,2025-10-02 02:00:00,,,,,,,,,,,,,,,,,,,,
SCR_USDT,ok,9999,0,6.749470,2025-11-02 00:00:00,,,,,,,,,,,,,,,,,,,,
SFP_USDT,ok,9998,0,2.935398,2025-04-08 02:00:00,,,,,,,,,,,,,,,,,,,,
SIREN_USDT,ok,9744,0,8.193133,2025-04-17 02:00:00,,,,,,,,,,,,,,,,,,,,
SKL_USDT,ok,9997,2,13.689344,2025-07-11 04:00:00,2025-07-11 04:00:00,1,2025-07-11 04:00:00,13.689344,1.775457,1.775457,45748.000000,24.304840,11.946447,1058203.000000,23.131131,0.022858,-4.890806,false,0.599078,2025-07-11 05:00:00,0.021700,0.022790,0.021110,0.021830,0.955029,-4.497070,true,0.923530,-7.646960,true,0.997028,-0.297216
SKL_USDT,ok,9997,2,13.689344,2025-07-11 04:00:00,2025-07-11 04:00:00,2,2026-04-17 23:00:00,11.609741,3.338171,2.757620,550508.000000,38.755304,27.439887,16654134.000000,30.252302,0.009380,-3.945455,false,-8.008899,2026-04-18 00:00:00,0.008990,0.009280,0.008160,0.008270,0.881655,-11.834507,true,0.869928,-13.007204,true,0.989330,-1.067017
SKR_USDT,ok,2396,0,6.525444,2026-01-22 10:00:00,,,,,,,,,,,,,,,,,,,,
SKYAI_USDT,ok,8431,2,16.479142,2025-07-03 00:00:00,2025-07-03 00:00:00,1,2025-07-03 00:00:00,16.479142,2.339751,1.901048,111290.000000,38.557095,31.892021,873814.000000,7.851685,0.051024,8.203560,true,9.090909,2025-07-03 01:00:00,0.055000,0.062310,0.053820,0.060000,1.175913,17.591262,false,1.054794,5.479362,false,1.221185,22.118526
SKYAI_USDT,ok,8431,2,16.479142,2025-07-03 00:00:00,2025-07-03 00:00:00,2,2025-10-06 17:00:00,10.149001,5.176551,5.039424,60252.000000,52.536825,30.540098,1958144.000000,32.499237,0.046244,-13.762464,false,-10.375220,2025-10-06 18:00:00,0.039710,0.040630,0.031090,0.035590,0.769607,-23.039270,true,0.672298,-32.770186,true,0.878594,-12.140645
SLP_USDT,ok,9999,1,12.848080,2026-04-09 01:00:00,2026-04-09 01:00:00,1,2026-04-09 01:00:00,12.848080,1.013514,1.013514,26129.000000,13.021703,3.338898,260501274.000000,9969.814153,0.000660,-6.170816,false,-1.615509,2026-04-09 02:00:00,0.000619,0.000620,0.000603,0.000609,0.923134,-7.686635,true,0.914039,-8.596126,true,0.939808,-6.019235
SLVON_USDT,ok,2907,0,2.411252,2026-01-28 04:00:00,,,,,,,,,,,,,,,,,,,,
SMCI_USDT,ok,51,0,0.471220,2026-04-30 01:00:00,,,,,,,,,,,,,,,,,,,,
SNOW_USDT,ok,27,0,,,,,,,,,,,,,,,,,,,,,,
SNT_USDT,ok,9999,1,34.364543,2025-04-10 13:00:00,2025-04-10 13:00:00,1,2025-04-10 13:00:00,34.364543,1.631579,1.210526,4606.000000,56.068465,23.340249,146353.000000,31.774425,0.022386,6.228605,true,-1.638655,2025-04-10 14:00:00,0.023800,0.025250,0.021010,0.023410,1.045758,4.575763,false,0.938546,-6.145375,true,1.127953,12.795302
SOLV_USDT,ok,9999,1,17.022208,2026-03-11 23:00:00,2026-03-11 23:00:00,1,2026-03-11 23:00:00,17.022208,2.072539,1.813472,143888.000000,35.279188,11.421320,21372409.000000,148.535034,0.004717,-6.924091,false,0.227790,2026-03-12 00:00:00,0.004390,0.004480,0.004170,0.004400,0.932879,-6.712073,true,0.884115,-11.588487,true,0.949841,-5.015929
SOMI_USDT,ok,5935,0,7.744535,2025-09-13 19:00:00,,,,,,,,,,,,,,,,,,,,
SONIC_USDT,ok,9999,0,8.392132,2026-02-09 22:00:00,,,,,,,,,,,,,,,,,,,,
SPACEX_USDT,ok,501,0,2.249657,2026-04-11 06:00:00,,,,,,,,,,,,,,,,,,,,
SPELL_USDT,ok,9998,0,6.966195,2025-10-16 02:00:00,,,,,,,,,,,,,,,,,,,,
SPX500_USDT,ok,2324,0,0.716970,2026-04-08 07:00:00,,,,,,,,,,,,,,,,,,,,
SPYX_USDT,ok,7171,0,0.960919,2025-10-11 07:00:00,,,,,,,,,,,,,,,,,,,,
SQD_USDT,ok,7734,0,6.310901,2025-08-04 02:00:00,,,,,,,,,,,,,,,,,,,,
STBL_USDT,ok,5405,0,7.986383,2025-12-20 03:00:00,,,,,,,,,,,,,,,,,,,,
STEEM_USDT,ok,9999,0,8.519937,2026-02-18 10:00:00,,,,,,,,,,,,,,,,,,,,
STG_USDT,ok,9999,0,4.157770,2026-01-29 14:00:00,,,,,,,,,,,,,,,,,,,,
STORJ_USDT,ok,9998,0,7.424256,2025-11-08 00:00:00,,,,,,,,,,,,,,,,,,,,
STO_USDT,ok,9406,1,19.896252,2025-05-02 18:00:00,2025-05-02 18:00:00,1,2025-05-02 18:00:00,19.896252,3.813806,3.247564,47388.000000,75.880452,34.063005,1467181.000000,30.961024,0.169975,-2.356184,false,3.204047,2025-05-02 19:00:00,0.166040,0.174870,0.162810,0.171360,1.008149,0.814872,false,0.957847,-4.215282,true,1.028799,2.879882
SUNAC_USDT,ok,386,0,1.035290,2026-04-30 12:00:00,,,,,,,,,,,,,,,,,,,,
SUN_USDT,ok,9999,0,4.788192,2025-10-12 23:00:00,,,,,,,,,,,,,,,,,,,,
SUPER_USDT,ok,9999,2,12.670262,2025-10-16 08:00:00,2025-10-16 08:00:00,1,2025-10-16 08:00:00,12.670262,1.701235,1.305057,385754.000000,21.555095,12.307338,2719845.000000,7.050724,0.507953,-3.888687,false,-4.373717,2025-10-16 09:00:00,0.487000,0.492800,0.464600,0.465700,0.916818,-8.318234,true,0.914652,-8.534789,true,0.970169,-2.983091
SUPER_USDT,ok,9999,2,12.670262,2025-10-16 08:00:00,2025-10-16 08:00:00,2,2025-11-13 09:00:00,10.634539,1.618887,1.214165,57479.000000,17.216117,3.296703,2907274.000000,50.579760,0.348915,-11.095871,false,-1.160542,2025-11-13 10:00:00,0.310200,0.312400,0.306100,0.306600,0.878724,-12.127640,true,0.877291,-12.270941,true,0.895347,-10.465345
SWARMS_USDT,ok,9999,0,9.007565,2026-02-19 10:00:00,,,,,,,,,,,,,,,,,,,,
SYS_USDT,ok,9987,2,21.578600,2025-10-13 18:00:00,2025-10-13 18:00:00,1,2025-10-13 18:00:00,21.578600,2.140673,1.155284,117842.000000,46.192722,18.396226,388174.000000,3.294021,0.036034,-2.479683,false,14.048423,2025-10-13 19:00:00,0.035520,0.044400,0.032920,0.040510,1.124231,12.423109,false,0.913594,-8.640613,true,1.232186,23.218614
SYS_USDT,ok,9987,2,21.578600,2025-10-13 18:00:00,2025-10-13 18:00:00,2,2026-04-06 16:00:00,11.729146,1.706827,1.706827,12579.000000,20.019627,11.972522,222553.000000,17.692424,0.011929,-4.352803,false,3.518030,2026-04-06 17:00:00,0.011370,0.011970,0.011150,0.011770,0.986650,-1.335012,true,0.934677,-6.532318,true,1.003415,0.341538
TAC_USDT,ok,6934,0,6.239216,2025-11-26 21:00:00,,,,,,,,,,,,,,,,,,,,
TAG_USDT,ok,6694,0,8.708708,2025-10-16 07:00:00,,,,,,,,,,,,,,,,,,,,
TAIKO_USDT,ok,9999,2,17.405200,2026-01-26 08:00:00,2025-03-22 08:00:00,1,2025-03-22 08:00:00,10.279143,2.725310,1.200756,57135.000000,28.013854,17.130678,791545.000000,13.853942,0.952289,-7.664589,false,-4.653802,2025-03-22 09:00:00,0.881000,0.926000,0.837400,0.840000,0.882085,-11.791488,true,0.879355,-12.064514,true,0.972394,-2.760616
TAIKO_USDT,ok,9999,2,17.405200,2026-01-26 08:00:00,2025-03-22 08:00:00,2,2026-01-26 08:00:00,17.405200,2.335085,2.335085,87815.000000,40.642616,35.231116,2323625.000000,26.460457,0.218824,9.631283,true,5.794081,2026-01-26 09:00:00,0.239900,0.259800,0.233000,0.253800,1.159834,15.983409,false,1.064781,6.478070,false,1.187253,18.725333
TAKE_USDT,ok,5733,0,7.103991,2026-04-11 22:00:00,,,,,,,,,,,,,,,,,,,,
TA_USDT,ok,6793,0,8.246489,2026-01-08 19:00:00,,,,,,,,,,,,,,,,,,,,
TENCENT_USDT,ok,410,0,0.264171,2026-04-20 11:00:00,,,,,,,,,,,,,,,,,,,,
THE_USDT,ok,9998,0,6.047431,2025-04-10 01:00:00,,,,,,,,,,,,,,,,,,,,
TLM_USDT,ok,9999,1,19.618728,2026-01-01 04:00:00,2026-01-01 04:00:00,1,2026-01-01 04:00:00,19.618728,3.930348,2.835821,24979931.000000,77.108434,25.927711,132854976.000000,5.318468,0.002891,-9.601893,false,-0.650344,2026-01-01 05:00:00,0.002614,0.002934,0.002387,0.002597,0.898446,-10.155422,true,0.825795,-17.420482,true,1.015033,1.503270
TLT_USDT,ok,2162,0,0.567087,2026-03-01 17:00:00,,,,,,,,,,,,,,,,,,,,
TNSR_USDT,ok,9999,1,16.221923,2025-12-13 15:00:00,2025-12-13 15:00:00,1,2025-12-13 15:00:00,16.221923,1.486200,1.061571,387931.000000,24.109015,19.182390,26410592.000000,68.080643,0.109578,3.761378,true,-0.263620,2025-12-13 16:00:00,0.113800,0.114200,0.106700,0.113500,1.035789,3.578860,false,0.973733,-2.626745,true,1.042177,4.217673
TOSHI_USDT,ok,9999,1,10.801991,2025-11-23 10:00:00,2025-11-23 10:00:00,1,2025-11-23 10:00:00,10.801991,3.034560,2.753582,2963.000000,32.779292,29.209809,127349.000000,42.979750,0.000478,-0.829909,false,-7.159402,2025-11-23 11:00:00,0.000475,0.000484,0.000441,0.000441,0.922060,-7.793983,true,0.922060,-7.793983,true,1.012823,1.282318
TOWNS_USDT,ok,6427,1,28.788220,2025-11-10 00:00:00,2025-11-10 00:00:00,1,2025-11-10 00:00:00,28.788220,1.498501,1.298701,629.000000,43.139191,39.980257,420052.000000,667.809221,0.011598,22.262649,true,-5.836850,2025-11-10 01:00:00,0.014220,0.017920,0.013090,0.013390,1.154511,15.451119,false,1.128645,12.864462,false,1.545096,54.509638
TQQQX_USDT,ok,3769,0,1.921457,2026-04-02 22:00:00,,,,,,,,,,,,,,,,,,,,
TRADOOR_USDT,ok,5349,2,20.018595,2025-11-15 21:00:00,2025-11-15 21:00:00,1,2025-11-15 21:00:00,20.018595,1.248266,1.202034,1202.000000,24.988537,19.807428,169681.000000,141.165557,2.453247,6.511906,true,0.918836,2025-11-15 22:00:00,2.612000,2.652000,2.471000,2.636000,1.074494,7.449439,false,1.007237,0.723658,false,1.081016,8.101636
TRADOOR_USDT,ok,5349,2,20.018595,2025-11-15 21:00:00,2025-11-15 21:00:00,2,2025-12-30 22:00:00,11.090046,4.523646,2.056203,50850.000000,50.167448,35.432016,1043740.000000,20.525860,2.155380,-6.188253,false,2.330193,2025-12-30 23:00:00,2.017000,2.113000,1.916000,2.064000,0.957604,-4.239641,true,0.888938,-11.106179,true,0.980337,-1.966261
TREE_USDT,ok,6595,1,10.590340,2026-04-14 15:00:00,2026-04-14 15:00:00,1,2026-04-14 15:00:00,10.590340,1.673182,1.422987,4481.000000,17.719569,10.261941,289066.000000,64.509261,0.075759,-5.542516,false,-2.262886,2026-04-14 16:00:00,0.071590,0.071620,0.068890,0.069970,0.923587,-7.641278,true,0.909331,-9.066852,true,0.945367,-5.463318
TRU_USDT,ok,9999,0,9.781845,2026-04-06 13:00:00,,,,,,,,,,,,,,,,,,,,
TSLAX_USDT,ok,7172,0,2.400169,2026-03-23 21:00:00,,,,,,,,,,,,,,,,,,,,
TSTBSC_USDT,ok,9999,1,15.953240,2025-09-10 18:00:00,2025-09-10 18:00:00,1,2025-09-10 18:00:00,15.953240,2.070552,1.687117,56187.000000,33.032015,21.393597,3493516.000000,62.176589,0.032047,0.570045,true,0.280461,2025-09-10 19:00:00,0.032090,0.035570,0.030020,0.032180,1.004140,0.414025,false,0.936740,-6.326009,true,1.109921,10.992134
TURTLE_USDT,ok,4554,0,4.060609,2026-02-25 05:00:00,,,,,,,,,,,,,,,,,,,,
TUT_USDT,ok,9774,1,52.510523,2025-03-28 01:00:00,2025-03-28 01:00:00,1,2025-03-28 01:00:00,52.510523,3.439650,3.064415,95578.000000,180.617807,157.359176,2663203.000000,27.864184,0.021839,94.561422,true,14.716270,2025-03-28 02:00:00,0.042470,0.051850,0.042160,0.048720,2.230885,123.088550,false,1.930504,93.050354,false,2.374208,137.420798
TW88_USDT,ok,2045,0,2.605087,2026-03-05 21:00:00,,,,,,,,,,,,,,,,,,,,
TWT_USDT,ok,9999,0,4.148156,2025-09-23 00:00:00,,,,,,,,,,,,,,,,,,,,
T_USDT,ok,9997,0,6.780021,2025-12-28 16:00:00,,,,,,,,,,,,,,,,,,,,
UAI_USDT,ok,4198,0,8.291686,2026-03-12 15:00:00,,,,,,,,,,,,,,,,,,,,
UK100_USDT,ok,2325,0,1.093601,2026-04-03 13:00:00,,,,,,,,,,,,,,,,,,,,
UNH_USDT,ok,2182,0,1.139869,2026-04-02 22:00:00,,,,,,,,,,,,,,,,,,,,
US2000_USDT,ok,2045,0,0.511305,2026-03-04 01:00:00,,,,,,,,,,,,,,,,,,,,
US30_USDT,ok,2233,0,0.182102,2026-03-10 23:00:00,,,,,,,,,,,,,,,,,,,,
USD1_USDT,ok,1579,0,,,,,,,,,,,,,,,,,,,,,,
USTC_USDT,ok,9999,1,12.169973,2026-04-04 04:00:00,2026-04-04 04:00:00,1,2026-04-04 04:00:00,12.169973,1.557914,1.557914,1215.000000,18.959769,8.201823,483141.000000,397.646914,0.005200,-6.382912,false,-5.186252,2026-04-04 05:00:00,0.004859,0.004866,0.004583,0.004607,0.885978,-11.402234,true,0.881362,-11.863781,true,0.935786,-6.421374
USUAL_USDT,ok,9999,0,7.710879,2025-07-03 00:00:00,,,,,,,,,,,,,,,,,,,,
US_USDT,ok,3356,0,5.811885,2026-04-09 05:00:00,,,,,,,,,,,,,,,,,,,,
VANRY_USDT,ok,9999,0,6.655309,2025-04-23 16:00:00,,,,,,,,,,,,,,,,,,,,
VCX_USDT,ok,856,0,8.659069,2026-04-01 01:00:00,,,,,,,,,,,,,,,,,,,,
VELODROME_USDT,ok,9994,0,5.331037,2025-05-10 01:00:00,,,,,,,,,,,,,,,,,,,,
VELO_USDT,ok,9999,0,5.849014,2025-04-10 01:00:00,,,,,,,,,,,,,,,,,,,,
VELVET_USDT,ok,6939,0,4.992504,2025-10-18 12:00:00,,,,,,,,,,,,,,,,,,,,
VET_USDT,ok,9999,0,3.619935,2026-01-22 03:00:00,,,,,,,,,,,,,,,,,,,,
VIC_USDT,ok,9930,1,11.745377,2025-07-11 05:00:00,2025-07-11 05:00:00,1,2025-07-11 05:00:00,11.745377,1.883675,1.421018,90077.000000,22.124471,9.872923,1246820.000000,13.841713,0.361710,-6.776142,false,2.464371,2025-07-11 06:00:00,0.336800,0.347300,0.330600,0.345100,0.954079,-4.592071,true,0.913992,-8.600808,true,0.960162,-3.983849
VINE_USDT,ok,9999,2,51.812922,2025-07-24 20:00:00,2025-03-29 09:00:00,1,2025-03-29 09:00:00,11.180939,5.833333,3.901515,2759724.000000,65.222141,48.252003,77117632.000000,27.943965,0.043468,-6.345616,false,-5.082249,2025-03-29 10:00:00,0.040730,0.042470,0.037260,0.038660,0.889383,-11.061692,true,0.857176,-14.282428,true,0.977033,-2.296691
VINE_USDT,ok,9999,2,51.812922,2025-07-24 20:00:00,2025-03-29 09:00:00,2,2025-07-24 20:00:00,51.812922,2.422145,1.623636,240892.000000,125.498426,97.507870,27925745.000000,115.926411,0.046833,60.761962,true,-13.531836,2025-07-24 21:00:00,0.075230,0.076470,0.060500,0.065050,1.388971,38.897139,false,1.291818,29.181813,false,1.632815,63.281541
VIX_USDT,ok,2045,0,3.695904,2026-03-04 06:00:00,,,,,,,,,,,,,,,,,,,,
VRT_USDT,ok,77,0,,,,,,,,,,,,,,,,,,,,,,
VTHO_USDT,ok,9999,0,3.270470,2026-03-11 11:00:00,,,,,,,,,,,,,,,,,,,,
VVV_USDT,ok,9999,0,4.795922,2025-04-10 01:00:00,,,,,,,,,,,,,,,,,,,,
V_USDT,ok,77,0,0.433636,2026-04-29 22:00:00,,,,,,,,,,,,,,,,,,,,
WAVES_USDT,ok,9998,0,7.279932,2026-02-16 08:00:00,,,,,,,,,,,,,,,,,,,,
WAXP_USDT,ok,9996,0,2.783391,2025-04-07 16:00:00,,,,,,,,,,,,,,,,,,,,
WDC_USDT,ok,147,0,1.149474,2026-04-30 06:00:00,,,,,,,,,,,,,,,,,,,,
WMT_USDT,ok,1397,0,0.726050,2026-03-24 22:00:00,,,,,,,,,,,,,,,,,,,,
XAI_USDT,ok,9999,0,7.396942,2025-11-20 19:00:00,,,,,,,,,,,,,,,,,,,,
XAL_USDT,ok,2233,0,1.426020,2026-04-07 05:00:00,,,,,,,,,,,,,,,,,,,,
XAN_USDT,ok,5111,1,10.607427,2026-03-15 08:00:00,2026-03-15 08:00:00,1,2026-03-15 08:00:00,10.607427,2.688172,1.209677,8912.000000,28.514589,24.270557,233294.000000,26.177513,0.009567,-2.057951,false,8.867521,2026-03-15 09:00:00,0.009360,0.010310,0.008880,0.010190,1.065133,6.513285,false,0.928202,-7.179787,true,1.077676,7.767612
XAUT_USDT,ok,9404,0,1.536890,2026-02-02 17:00:00,,,,,,,,,,,,,,,,,,,,
XBR_USDT,ok,2233,0,1.661655,2026-03-03 18:00:00,,,,,,,,,,,,,,,,,,,,
XCN_USDT,ok,9999,0,7.436937,2025-11-21 20:00:00,,,,,,,,,,,,,,,,,,,,
XDC_USDT,ok,9999,0,4.168308,2026-03-03 18:00:00,,,,,,,,,,,,,,,,,,,,
XIAOMI_USDT,ok,411,0,0.521978,2026-04-16 10:00:00,,,,,,,,,,,,,,,,,,,,
XMR_USDT,ok,9999,0,4.483164,2025-11-09 09:00:00,,,,,,,,,,,,,,,,,,,,
XNI_USDT,ok,2233,0,0.841801,2026-03-19 22:00:00,,,,,,,,,,,,,,,,,,,,
XNO_USDT,ok,9979,0,8.428864,2025-11-09 02:00:00,,,,,,,,,,,,,,,,,,,,
XNY_USDT,ok,6740,1,14.394836,2025-12-05 01:00:00,2025-12-05 01:00:00,1,2025-12-05 01:00:00,14.394836,9.484536,5.711340,652203.000000,136.528346,122.735243,5504671.000000,8.440119,0.009820,16.420773,true,-54.997388,2025-12-05 02:00:00,0.011486,0.019824,0.005067,0.005169,0.526353,-47.364736,true,0.515966,-48.403389,true,2.018653,101.865250
XOM_USDT,ok,77,0,0.413325,2026-04-28 17:00:00,,,,,,,,,,,,,,,,,,,,
XPB_USDT,ok,2233,0,0.297351,2026-03-17 10:00:00,,,,,,,,,,,,,,,,,,,,
XPIN_USDT,ok,5522,0,8.216845,2025-12-21 15:00:00,,,,,,,,,,,,,,,,,,,,
XTI_USDT,ok,2233,0,2.473267,2026-04-02 20:00:00,,,,,,,,,,,,,,,,,,,,
XUNCE_USDT,ok,411,0,1.336909,2026-04-22 10:00:00,,,,,,,,,,,,,,,,,,,,
XVS_USDT,ok,9999,0,5.211720,2025-04-10 01:00:00,,,,,,,,,,,,,,,,,,,,
ZBCN_USDT,ok,9998,0,6.442825,2025-06-12 01:00:00,,,,,,,,,,,,,,,,,,,,
ZEREBRO_USDT,ok,9999,0,8.920536,2025-10-13 10:00:00,,,,,,,,,,,,,,,,,,,,
ZHIPU_USDT,ok,411,0,1.499065,2026-04-20 14:00:00,,,,,,,,,,,,,,,,,,,,
ZKC_USDT,ok,5443,0,9.964751,2025-10-25 08:00:00,,,,,,,,,,,,,,,,,,,,
ZKJ_USDT,ok,9985,0,8.768488,2025-10-23 09:00:00,,,,,,,,,,,,,,,,,,,,
币安人生_USDT,ok,4563,0,7.565044,2026-04-08 12:00:00,,,,,,,,,,,,,,,,,,,,
我踏马来了_USDT,ok,2687,0,5.722675,2026-04-13 08:00:00,,,,,,,,,,,,,,,,,,,,
老子_USDT,ok,2642,1,16.648146,2026-03-22 06:00:00,2026-03-22 06:00:00,1,2026-03-22 06:00:00,16.648146,5.355884,3.312192,10721.000000,89.165545,75.302826,402784.000000,37.569630,0.000455,14.612075,true,1.684211,2026-03-22 07:00:00,0.000522,0.000820,0.000430,0.000531,1.168779,16.877918,false,0.945935,-5.406541,true,1.804315,80.431524
草根文化_USDT,ok,2596,1,13.389900,2026-03-30 23:00:00,2026-03-30 23:00:00,1,2026-03-30 23:00:00,13.389900,2.818182,1.472727,4593.000000,37.735173,22.451174,70017.000000,15.244285,0.000715,-4.470716,false,9.898551,2026-03-31 00:00:00,0.000690,0.000758,0.000620,0.000758,1.059992,5.999204,false,0.866809,-13.319126,true,1.059992,5.999204
龙虾_USDT,ok,1224,0,5.011421,2026-03-31 11:00:00,,,,,,,,,,,,,,,,,,,,
